Event Index,UTC Timestamp,UTC Date,Local Timestamp,Local Timezone,Local Date,Experiment ID,Experiment Version,Tree Node Key,Repeat Key,Schedule ID,Participant Public ID,Participant Private ID,Participant Starting Group,Participant Status,Participant Completion Code,Participant External Session ID,Participant Device Type,Participant Device,Participant OS,Participant Browser,Participant Monitor Size,Participant Viewport Size,Checkpoint,Task Name,Task Version,checkpoint-mnac,branch-hilv,checkpoint-d6jh,randomiser-3j42,branch-ebg9,randomiser-6j1g,randomiser-rj7w,randomiser-enay,randomiser-gw7n,checkpoint-ovy2,checkpoint-kb99,checkpoint-c413,checkpoint-cxk8,checkpoint-wd42,checkpoint-xc47,checkpoint-npvz,checkpoint-r3pw,checkpoint-dqyj,checkpoint-ycsm,checkpoint-nzkt,checkpoint-zr6w,checkpoint-t2b4,randomiser-uc11,randomiser-hpp5,Spreadsheet,Spreadsheet Name,Spreadsheet Row,Trial Number,Screen Number,Screen Name,Zone Name,Zone Type,Reaction Time,Reaction Onset,Response Type,Response,Attempt,Correct,Incorrect,Dishonest,X Coordinate,Y Coordinate,Timed Out,randomise_blocks,randomise_trials,display,correct_answer,stim
1,1607032096250,03/12/2020 21:48:16,1607032096149,0,03/12/2020 21:48:16,30809,12,task-wynt,,8323177,14509,2485111,,complete,,,computer,Desktop or Laptop,Windows 10,Edge 87.0.664.52,1076x673,1435x759,Test finished,Blue A - Study,2,Consent Given,Consented,Test finished,blue_group,Blue,,,blue_A,,,,,,Blue A: study finished,,,,Distractor finished,,,,,,,BlueA-Study-Spreadsheet,,,BEGIN TASK,,,,,,,,,,0,1,0,,,,,,,,
2,1607032098687,03/12/2020 21:48:18,1607032098622,0,03/12/2020 21:48:18,30809,12,task-wynt,,8323177,14509,2485111,,complete,,,computer,Desktop or Laptop,Windows 10,Edge 87.0.664.52,1076x673,1435x759,Test finished,Blue A - Study,2,Consent Given,Consented,Test finished,blue_group,Blue,,,blue_A,,,,,,Blue A: study finished,,,,Distractor finished,,,,,,,BlueA-Study-Spreadsheet,BlueA-Study-Spreadsheet,1,1,1,check,script,force_advance,2466.889,,,,,0,1,0,,,,,,fullscreen_check,,
3,1607032099172,03/12/2020 21:48:19,1607032099070,0,03/12/2020 21:48:19,30809,12,task-wynt,,8323177,14509,2485111,,complete,,,computer,Desktop or Laptop,Windows 10,Edge 87.0.664.52,1076x673,1435x897,Test finished,Blue A - Study,2,Consent Given,Consented,Test finished,blue_group,Blue,,,blue_A,,,,,,Blue A: study finished,,,,Distractor finished,,,,,,,BlueA-Study-Spreadsheet,BlueA-Study-Spreadsheet,3,1,1,filler_start_fixation,fixation,fixation,450.0129999999999,,,,,0,1,0,,,,,1,blue_A_study_filler_start,drawing.png,stool--col-drawing.png
4,1607032102568,03/12/2020 21:48:22,1607032102501,0,03/12/2020 21:48:22,30809,12,task-wynt,,8323177,14509,2485111,,complete,,,computer,Desktop or Laptop,Windows 10,Edge 87.0.664.52,1076x673,1435x897,Test finished,Blue A - Study,2,Consent Given,Consented,Test finished,blue_group,Blue,,,blue_A,,,,,,Blue A: study finished,,,,Distractor finished,,,,,,,BlueA-Study-Spreadsheet,BlueA-Study-Spreadsheet,3,1,2,filler_start_stim,Zone2,response_button_image,3413.7900000205263,,,drawing.png,1,1,0,0,,,,,1,blue_A_study_filler_start,drawing.png,stool--col-drawing.png
5,1607032103431,03/12/2020 21:48:23,1607032103370,0,03/12/2020 21:48:23,30809,12,task-wynt,,8323177,14509,2485111,,complete,,,computer,Desktop or Laptop,Windows 10,Edge 87.0.664.52,1076x673,1435x897,Test finished,Blue A - Study,2,Consent Given,Consented,Test finished,blue_group,Blue,,,blue_A,,,,,,Blue A: study finished,,,,Distractor finished,,,,,,,BlueA-Study-Spreadsheet,BlueA-Study-Spreadsheet,2,2,1,filler_start_fixation,fixation,fixation,450.0460000000003,,,,,0,1,0,,,,,1,blue_A_study_filler_start,drawing.png,cake--grey-drawing.png
6,1607032106804,03/12/2020 21:48:26,1607032106603,0,03/12/2020 21:48:26,30809,12,task-wynt,,8323177,14509,2485111,,complete,,,computer,Desktop or Laptop,Windows 10,Edge 87.0.664.52,1076x673,1435x897,Test finished,Blue A - Study,2,Consent Given,Consented,Test finished,blue_group,Blue,,,blue_A,,,,,,Blue A: study finished,,,,Distractor finished,,,,,,,BlueA-Study-Spreadsheet,BlueA-Study-Spreadsheet,2,2,2,filler_start_stim,Zone2,response_button_image,3219.260000041686,,,drawing.png,1,1,0,0,,,,,1,blue_A_study_filler_start,drawing.png,cake--grey-drawing.png
7,1607032107569,03/12/2020 21:48:27,1607032107521,0,03/12/2020 21:48:27,30809,12,task-wynt,,8323177,14509,2485111,,complete,,,computer,Desktop or Laptop,Windows 10,Edge 87.0.664.52,1076x673,1435x897,Test finished,Blue A - Study,2,Consent Given,Consented,Test finished,blue_group,Blue,,,blue_A,,,,,,Blue A: study finished,,,,Distractor finished,,,,,,,BlueA-Study-Spreadsheet,BlueA-Study-Spreadsheet,33,1,1,fixation,fixation,fixation,500.2980000000007,,,,,0,1,0,,,,,2,blue_A_study,drawing.png,penguin--grey-drawing.png
8,1607032110107,03/12/2020 21:48:30,1607032110034,0,03/12/2020 21:48:30,30809,12,task-wynt,,8323177,14509,2485111,,complete,,,computer,Desktop or Laptop,Windows 10,Edge 87.0.664.52,1076x673,1435x897,Test finished,Blue A - Study,2,Consent Given,Consented,Test finished,blue_group,Blue,,,blue_A,,,,,,Blue A: study finished,,,,Distractor finished,,,,,,,BlueA-Study-Spreadsheet,BlueA-Study-Spreadsheet,33,1,2,study_stim,Zone1,response_button_image,2493.995000026189,,,photo.png,1,0,1,0,,,,,2,blue_A_study,drawing.png,penguin--grey-drawing.png
9,1607032111000,03/12/2020 21:48:31,1607032110954,0,03/12/2020 21:48:30,30809,12,task-wynt,,8323177,14509,2485111,,complete,,,computer,Desktop or Laptop,Windows 10,Edge 87.0.664.52,1076x673,1435x897,Test finished,Blue A - Study,2,Consent Given,Consented,Test finished,blue_group,Blue,,,blue_A,,,,,,Blue A: study finished,,,,Distractor finished,,,,,,,BlueA-Study-Spreadsheet,BlueA-Study-Spreadsheet,30,2,1,fixation,fixation,fixation,500.0149999999994,,,,,0,1,0,,,,,2,blue_A_study,drawing.png,spider--grey-drawing.png
10,1607032113474,03/12/2020 21:48:33,1607032113416,0,03/12/2020 21:48:33,30809,12,task-wynt,,8323177,14509,2485111,,complete,,,computer,Desktop or Laptop,Windows 10,Edge 87.0.664.52,1076x673,1435x897,Test finished,Blue A - Study,2,Consent Given,Consented,Test finished,blue_group,Blue,,,blue_A,,,,,,Blue A: study finished,,,,Distractor finished,,,,,,,BlueA-Study-Spreadsheet,BlueA-Study-Spreadsheet,30,2,2,study_stim,Zone1,response_button_image,2449.4449999765493,,,photo.png,1,0,1,0,,,,,2,blue_A_study,drawing.png,spider--grey-drawing.png
11,1607032114397,03/12/2020 21:48:34,1607032114338,0,03/12/2020 21:48:34,30809,12,task-wynt,,8323177,14509,2485111,,complete,,,computer,Desktop or Laptop,Windows 10,Edge 87.0.664.52,1076x673,1435x897,Test finished,Blue A - Study,2,Consent Given,Consented,Test finished,blue_group,Blue,,,blue_A,,,,,,Blue A: study finished,,,,Distractor finished,,,,,,,BlueA-Study-Spreadsheet,BlueA-Study-Spreadsheet,25,3,1,fixation,fixation,fixation,500.05799999999726,,,,,0,1,0,,,,,2,blue_A_study,drawing.png,boot--grey-drawing.png
12,1607032116491,03/12/2020 21:48:36,1607032116439,0,03/12/2020 21:48:36,30809,12,task-wynt,,8323177,14509,2485111,,complete,,,computer,Desktop or Laptop,Windows 10,Edge 87.0.664.52,1076x673,1435x897,Test finished,Blue A - Study,2,Consent Given,Consented,Test finished,blue_group,Blue,,,blue_A,,,,,,Blue A: study finished,,,,Distractor finished,,,,,,,BlueA-Study-Spreadsheet,BlueA-Study-Spreadsheet,25,3,2,study_stim,Zone2,response_button_image,2085.849999974016,,,drawing.png,1,1,0,0,,,,,2,blue_A_study,drawing.png,boot--grey-drawing.png
13,1607032117413,03/12/2020 21:48:37,1607032117355,0,03/12/2020 21:48:37,30809,12,task-wynt,,8323177,14509,2485111,,complete,,,computer,Desktop or Laptop,Windows 10,Edge 87.0.664.52,1076x673,1435x897,Test finished,Blue A - Study,2,Consent Given,Consented,Test finished,blue_group,Blue,,,blue_A,,,,,,Blue A: study finished,,,,Distractor finished,,,,,,,BlueA-Study-Spreadsheet,BlueA-Study-Spreadsheet,55,4,1,fixation,fixation,fixation,500.0300000000025,,,,,0,1,0,,,,,2,blue_A_study,photo.png,swan--col-photo.png
14,1607032119522,03/12/2020 21:48:39,1607032119340,0,03/12/2020 21:48:39,30809,12,task-wynt,,8323177,14509,2485111,,complete,,,computer,Desktop or Laptop,Windows 10,Edge 87.0.664.52,1076x673,1435x897,Test finished,Blue A - Study,2,Consent Given,Consented,Test finished,blue_group,Blue,,,blue_A,,,,,,Blue A: study finished,,,,Distractor finished,,,,,,,BlueA-Study-Spreadsheet,BlueA-Study-Spreadsheet,55,4,2,study_stim,Zone1,response_button_image,1974.259999988135,,,photo.png,1,1,0,0,,,,,2,blue_A_study,photo.png,swan--col-photo.png
15,1607032120321,03/12/2020 21:48:40,1607032120254,0,03/12/2020 21:48:40,30809,12,task-wynt,,8323177,14509,2485111,,complete,,,computer,Desktop or Laptop,Windows 10,Edge 87.0.664.52,1076x673,1435x897,Test finished,Blue A - Study,2,Consent Given,Consented,Test finished,blue_group,Blue,,,blue_A,,,,,,Blue A: study finished,,,,Distractor finished,,,,,,,BlueA-Study-Spreadsheet,BlueA-Study-Spreadsheet,36,5,1,fixation,fixation,fixation,500.04599999999846,,,,,0,1,0,,,,,2,blue_A_study,drawing.png,bottle--col-drawing.png
16,1607032121971,03/12/2020 21:48:41,1607032121900,0,03/12/2020 21:48:41,30809,12,task-wynt,,8323177,14509,2485111,,complete,,,computer,Desktop or Laptop,Windows 10,Edge 87.0.664.52,1076x673,1435x897,Test finished,Blue A - Study,2,Consent Given,Consented,Test finished,blue_group,Blue,,,blue_A,,,,,,Blue A: study finished,,,,Distractor finished,,,,,,,BlueA-Study-Spreadsheet,BlueA-Study-Spreadsheet,36,5,2,study_stim,Zone1,response_button_image,1631.0999999986961,,,photo.png,1,0,1,0,,,,,2,blue_A_study,drawing.png,bottle--col-drawing.png
17,1607032122878,03/12/2020 21:48:42,1607032122821,0,03/12/2020 21:48:42,30809,12,task-wynt,,8323177,14509,2485111,,complete,,,computer,Desktop or Laptop,Windows 10,Edge 87.0.664.52,1076x673,1435x897,Test finished,Blue A - Study,2,Consent Given,Consented,Test finished,blue_group,Blue,,,blue_A,,,,,,Blue A: study finished,,,,Distractor finished,,,,,,,BlueA-Study-Spreadsheet,BlueA-Study-Spreadsheet,44,6,1,fixation,fixation,fixation,500.06800000000294,,,,,0,1,0,,,,,2,blue_A_study,photo.png,flute--grey-photo.png
18,1607032124206,03/12/2020 21:48:44,1607032124143,0,03/12/2020 21:48:44,30809,12,task-wynt,,8323177,14509,2485111,,complete,,,computer,Desktop or Laptop,Windows 10,Edge 87.0.664.52,1076x673,1435x897,Test finished,Blue A - Study,2,Consent Given,Consented,Test finished,blue_group,Blue,,,blue_A,,,,,,Blue A: study finished,,,,Distractor finished,,,,,,,BlueA-Study-Spreadsheet,BlueA-Study-Spreadsheet,44,6,2,study_stim,Zone1,response_button_image,1310.0550000090152,,,photo.png,1,1,0,0,,,,,2,blue_A_study,photo.png,flute--grey-photo.png
19,1607032125129,03/12/2020 21:48:45,1607032125071,0,03/12/2020 21:48:45,30809,12,task-wynt,,8323177,14509,2485111,,complete,,,computer,Desktop or Laptop,Windows 10,Edge 87.0.664.52,1076x673,1435x897,Test finished,Blue A - Study,2,Consent Given,Consented,Test finished,blue_group,Blue,,,blue_A,,,,,,Blue A: study finished,,,,Distractor finished,,,,,,,BlueA-Study-Spreadsheet,BlueA-Study-Spreadsheet,48,7,1,fixation,fixation,fixation,500.03299999999945,,,,,0,1,0,,,,,2,blue_A_study,photo.png,pipe--grey-photo.png
20,1607032127557,03/12/2020 21:48:47,1607032127498,0,03/12/2020 21:48:47,30809,12,task-wynt,,8323177,14509,2485111,,complete,,,computer,Desktop or Laptop,Windows 10,Edge 87.0.664.52,1076x673,1435x897,Test finished,Blue A - Study,2,Consent Given,Consented,Test finished,blue_group,Blue,,,blue_A,,,,,,Blue A: study finished,,,,Distractor finished,,,,,,,BlueA-Study-Spreadsheet,BlueA-Study-Spreadsheet,48,7,2,study_stim,Zone1,response_button_image,2414.9600000237115,,,photo.png,1,1,0,0,,,,,2,blue_A_study,photo.png,pipe--grey-photo.png
21,1607032128479,03/12/2020 21:48:48,1607032128421,0,03/12/2020 21:48:48,30809,12,task-wynt,,8323177,14509,2485111,,complete,,,computer,Desktop or Laptop,Windows 10,Edge 87.0.664.52,1076x673,1435x897,Test finished,Blue A - Study,2,Consent Given,Consented,Test finished,blue_group,Blue,,,blue_A,,,,,,Blue A: study finished,,,,Distractor finished,,,,,,,BlueA-Study-Spreadsheet,BlueA-Study-Spreadsheet,46,8,1,fixation,fixation,fixation,500.04499999999825,,,,,0,1,0,,,,,2,blue_A_study,photo.png,house--grey-photo.png
22,1607032130403,03/12/2020 21:48:50,1607032129914,0,03/12/2020 21:48:49,30809,12,task-wynt,,8323177,14509,2485111,,complete,,,computer,Desktop or Laptop,Windows 10,Edge 87.0.664.52,1076x673,1435x897,Test finished,Blue A - Study,2,Consent Given,Consented,Test finished,blue_group,Blue,,,blue_A,,,,,,Blue A: study finished,,,,Distractor finished,,,,,,,BlueA-Study-Spreadsheet,BlueA-Study-Spreadsheet,46,8,2,study_stim,Zone1,response_button_image,1481.0450000222772,,,photo.png,1,1,0,0,,,,,2,blue_A_study,photo.png,house--grey-photo.png
23,1607032130903,03/12/2020 21:48:50,1607032130838,0,03/12/2020 21:48:50,30809,12,task-wynt,,8323177,14509,2485111,,complete,,,computer,Desktop or Laptop,Windows 10,Edge 87.0.664.52,1076x673,1435x897,Test finished,Blue A - Study,2,Consent Given,Consented,Test finished,blue_group,Blue,,,blue_A,,,,,,Blue A: study finished,,,,Distractor finished,,,,,,,BlueA-Study-Spreadsheet,BlueA-Study-Spreadsheet,52,9,1,fixation,fixation,fixation,500.0659999999989,,,,,0,1,0,,,,,2,blue_A_study,photo.png,eagle--grey-photo.png
24,1607032134419,03/12/2020 21:48:54,1607032134349,0,03/12/2020 21:48:54,30809,12,task-wynt,,8323177,14509,2485111,,complete,,,computer,Desktop or Laptop,Windows 10,Edge 87.0.664.52,1076x673,1435x897,Test finished,Blue A - Study,2,Consent Given,Consented,Test finished,blue_group,Blue,,,blue_A,,,,,,Blue A: study finished,,,,Distractor finished,,,,,,,BlueA-Study-Spreadsheet,BlueA-Study-Spreadsheet,52,9,2,study_stim,Zone1,response_button_image,3497.845000005327,,,photo.png,1,1,0,0,,,,,2,blue_A_study,photo.png,eagle--grey-photo.png
25,1607032135340,03/12/2020 21:48:55,1607032135272,0,03/12/2020 21:48:55,30809,12,task-wynt,,8323177,14509,2485111,,complete,,,computer,Desktop or Laptop,Windows 10,Edge 87.0.664.52,1076x673,1435x897,Test finished,Blue A - Study,2,Consent Given,Consented,Test finished,blue_group,Blue,,,blue_A,,,,,,Blue A: study finished,,,,Distractor finished,,,,,,,BlueA-Study-Spreadsheet,BlueA-Study-Spreadsheet,45,10,1,fixation,fixation,fixation,500.05599999999686,,,,,0,1,0,,,,,2,blue_A_study,photo.png,bell--grey-photo.png
26,1607032136559,03/12/2020 21:48:56,1607032136510,0,03/12/2020 21:48:56,30809,12,task-wynt,,8323177,14509,2485111,,complete,,,computer,Desktop or Laptop,Windows 10,Edge 87.0.664.52,1076x673,1435x897,Test finished,Blue A - Study,2,Consent Given,Consented,Test finished,blue_group,Blue,,,blue_A,,,,,,Blue A: study finished,,,,Distractor finished,,,,,,,BlueA-Study-Spreadsheet,BlueA-Study-Spreadsheet,45,10,2,study_stim,Zone1,response_button_image,1225.3149999887682,,,photo.png,1,1,0,0,,,,,2,blue_A_study,photo.png,bell--grey-photo.png
27,1607032137481,03/12/2020 21:48:57,1607032137423,0,03/12/2020 21:48:57,30809,12,task-wynt,,8323177,14509,2485111,,complete,,,computer,Desktop or Laptop,Windows 10,Edge 87.0.664.52,1076x673,1435x897,Test finished,Blue A - Study,2,Consent Given,Consented,Test finished,blue_group,Blue,,,blue_A,,,,,,Blue A: study finished,,,,Distractor finished,,,,,,,BlueA-Study-Spreadsheet,BlueA-Study-Spreadsheet,15,11,1,fixation,fixation,fixation,500.07999999999447,,,,,0,1,0,,,,,2,blue_A_study,word.png,fence--distinctive-word.png
28,1607032138922,03/12/2020 21:48:58,1607032138861,0,03/12/2020 21:48:58,30809,12,task-wynt,,8323177,14509,2485111,,complete,,,computer,Desktop or Laptop,Windows 10,Edge 87.0.664.52,1076x673,1435x897,Test finished,Blue A - Study,2,Consent Given,Consented,Test finished,blue_group,Blue,,,blue_A,,,,,,Blue A: study finished,,,,Distractor finished,,,,,,,BlueA-Study-Spreadsheet,BlueA-Study-Spreadsheet,15,11,2,study_stim,buttonA,response_button_image,1427.5849999976344,,,word.png,1,1,0,0,,,,,2,blue_A_study,word.png,fence--distinctive-word.png
29,1607032140658,03/12/2020 21:49:00,1607032139772,0,03/12/2020 21:48:59,30809,12,task-wynt,,8323177,14509,2485111,,complete,,,computer,Desktop or Laptop,Windows 10,Edge 87.0.664.52,1076x673,1435x897,Test finished,Blue A - Study,2,Consent Given,Consented,Test finished,blue_group,Blue,,,blue_A,,,,,,Blue A: study finished,,,,Distractor finished,,,,,,,BlueA-Study-Spreadsheet,BlueA-Study-Spreadsheet,40,12,1,fixation,fixation,fixation,500.025999999998,,,,,0,1,0,,,,,2,blue_A_study,drawing.png,snowman--col-drawing.png
30,1607032141159,03/12/2020 21:49:01,1607032141094,0,03/12/2020 21:49:01,30809,12,task-wynt,,8323177,14509,2485111,,complete,,,computer,Desktop or Laptop,Windows 10,Edge 87.0.664.52,1076x673,1435x897,Test finished,Blue A - Study,2,Consent Given,Consented,Test finished,blue_group,Blue,,,blue_A,,,,,,Blue A: study finished,,,,Distractor finished,,,,,,,BlueA-Study-Spreadsheet,BlueA-Study-Spreadsheet,40,12,2,study_stim,Zone2,response_button_image,1310.520000057295,,,drawing.png,1,1,0,0,,,,,2,blue_A_study,drawing.png,snowman--col-drawing.png
31,1607032142065,03/12/2020 21:49:02,1607032142006,0,03/12/2020 21:49:02,30809,12,task-wynt,,8323177,14509,2485111,,complete,,,computer,Desktop or Laptop,Windows 10,Edge 87.0.664.52,1076x673,1435x897,Test finished,Blue A - Study,2,Consent Given,Consented,Test finished,blue_group,Blue,,,blue_A,,,,,,Blue A: study finished,,,,Distractor finished,,,,,,,BlueA-Study-Spreadsheet,BlueA-Study-Spreadsheet,5,13,1,fixation,fixation,fixation,500.08699999999953,,,,,0,1,0,,,,,2,blue_A_study,word.png,hand--grey-word.png
32,1607032143534,03/12/2020 21:49:03,1607032143478,0,03/12/2020 21:49:03,30809,12,task-wynt,,8323177,14509,2485111,,complete,,,computer,Desktop or Laptop,Windows 10,Edge 87.0.664.52,1076x673,1435x897,Test finished,Blue A - Study,2,Consent Given,Consented,Test finished,blue_group,Blue,,,blue_A,,,,,,Blue A: study finished,,,,Distractor finished,,,,,,,BlueA-Study-Spreadsheet,BlueA-Study-Spreadsheet,5,13,2,study_stim,buttonA,response_button_image,1460.1249999832362,,,word.png,1,1,0,0,,,,,2,blue_A_study,word.png,hand--grey-word.png
33,1607032144457,03/12/2020 21:49:04,1607032144390,0,03/12/2020 21:49:04,30809,12,task-wynt,,8323177,14509,2485111,,complete,,,computer,Desktop or Laptop,Windows 10,Edge 87.0.664.52,1076x673,1435x897,Test finished,Blue A - Study,2,Consent Given,Consented,Test finished,blue_group,Blue,,,blue_A,,,,,,Blue A: study finished,,,,Distractor finished,,,,,,,BlueA-Study-Spreadsheet,BlueA-Study-Spreadsheet,41,14,1,fixation,fixation,fixation,500.0839999999953,,,,,0,1,0,,,,,2,blue_A_study,drawing.png,giraffe--col-drawing.png
34,1607032146147,03/12/2020 21:49:06,1607032146079,0,03/12/2020 21:49:06,30809,12,task-wynt,,8323177,14509,2485111,,complete,,,computer,Desktop or Laptop,Windows 10,Edge 87.0.664.52,1076x673,1435x897,Test finished,Blue A - Study,2,Consent Given,Consented,Test finished,blue_group,Blue,,,blue_A,,,,,,Blue A: study finished,,,,Distractor finished,,,,,,,BlueA-Study-Spreadsheet,BlueA-Study-Spreadsheet,41,14,2,study_stim,Zone2,response_button_image,1678.0450000078417,,,drawing.png,1,1,0,0,,,,,2,blue_A_study,drawing.png,giraffe--col-drawing.png
35,1607032147085,03/12/2020 21:49:07,1607032147006,0,03/12/2020 21:49:07,30809,12,task-wynt,,8323177,14509,2485111,,complete,,,computer,Desktop or Laptop,Windows 10,Edge 87.0.664.52,1076x673,1435x897,Test finished,Blue A - Study,2,Consent Given,Consented,Test finished,blue_group,Blue,,,blue_A,,,,,,Blue A: study finished,,,,Distractor finished,,,,,,,BlueA-Study-Spreadsheet,BlueA-Study-Spreadsheet,34,15,1,fixation,fixation,fixation,499.81200000000536,,,,,0,1,0,,,,,2,blue_A_study,drawing.png,lips--col-drawing.png
36,1607032148053,03/12/2020 21:49:08,1607032147982,0,03/12/2020 21:49:07,30809,12,task-wynt,,8323177,14509,2485111,,complete,,,computer,Desktop or Laptop,Windows 10,Edge 87.0.664.52,1076x673,1435x897,Test finished,Blue A - Study,2,Consent Given,Consented,Test finished,blue_group,Blue,,,blue_A,,,,,,Blue A: study finished,,,,Distractor finished,,,,,,,BlueA-Study-Spreadsheet,BlueA-Study-Spreadsheet,34,15,2,study_stim,Zone2,response_button_image,964.4800000241958,,,drawing.png,1,1,0,0,,,,,2,blue_A_study,drawing.png,lips--col-drawing.png
37,1607032148960,03/12/2020 21:49:08,1607032148907,0,03/12/2020 21:49:08,30809,12,task-wynt,,8323177,14509,2485111,,complete,,,computer,Desktop or Laptop,Windows 10,Edge 87.0.664.52,1076x673,1435x897,Test finished,Blue A - Study,2,Consent Given,Consented,Test finished,blue_group,Blue,,,blue_A,,,,,,Blue A: study finished,,,,Distractor finished,,,,,,,BlueA-Study-Spreadsheet,BlueA-Study-Spreadsheet,6,16,1,fixation,fixation,fixation,500.0060000000012,,,,,0,1,0,,,,,2,blue_A_study,word.png,grapes--grey-word.png
38,1607032150355,03/12/2020 21:49:10,1607032150295,0,03/12/2020 21:49:10,30809,12,task-wynt,,8323177,14509,2485111,,complete,,,computer,Desktop or Laptop,Windows 10,Edge 87.0.664.52,1076x673,1435x897,Test finished,Blue A - Study,2,Consent Given,Consented,Test finished,blue_group,Blue,,,blue_A,,,,,,Blue A: study finished,,,,Distractor finished,,,,,,,BlueA-Study-Spreadsheet,BlueA-Study-Spreadsheet,6,16,2,study_stim,buttonA,response_button_image,1374.1400000290014,,,word.png,1,1,0,0,,,,,2,blue_A_study,word.png,grapes--grey-word.png
39,1607032151261,03/12/2020 21:49:11,1607032151207,0,03/12/2020 21:49:11,30809,12,task-wynt,,8323177,14509,2485111,,complete,,,computer,Desktop or Laptop,Windows 10,Edge 87.0.664.52,1076x673,1435x897,Test finished,Blue A - Study,2,Consent Given,Consented,Test finished,blue_group,Blue,,,blue_A,,,,,,Blue A: study finished,,,,Distractor finished,,,,,,,BlueA-Study-Spreadsheet,BlueA-Study-Spreadsheet,35,17,1,fixation,fixation,fixation,500.0130000000063,,,,,0,1,0,,,,,2,blue_A_study,drawing.png,tree--col-drawing.png
40,1607032152730,03/12/2020 21:49:12,1607032152670,0,03/12/2020 21:49:12,30809,12,task-wynt,,8323177,14509,2485111,,complete,,,computer,Desktop or Laptop,Windows 10,Edge 87.0.664.52,1076x673,1435x897,Test finished,Blue A - Study,2,Consent Given,Consented,Test finished,blue_group,Blue,,,blue_A,,,,,,Blue A: study finished,,,,Distractor finished,,,,,,,BlueA-Study-Spreadsheet,BlueA-Study-Spreadsheet,35,17,2,study_stim,Zone2,response_button_image,1450.7549999980256,,,drawing.png,1,1,0,0,,,,,2,blue_A_study,drawing.png,tree--col-drawing.png
41,1607032153653,03/12/2020 21:49:13,1607032153590,0,03/12/2020 21:49:13,30809,12,task-wynt,,8323177,14509,2485111,,complete,,,computer,Desktop or Laptop,Windows 10,Edge 87.0.664.52,1076x673,1435x897,Test finished,Blue A - Study,2,Consent Given,Consented,Test finished,blue_group,Blue,,,blue_A,,,,,,Blue A: study finished,,,,Distractor finished,,,,,,,BlueA-Study-Spreadsheet,BlueA-Study-Spreadsheet,8,18,1,fixation,fixation,fixation,500.0789999999979,,,,,0,1,0,,,,,2,blue_A_study,word.png,pear--grey-word.png
42,1607032154910,03/12/2020 21:49:14,1607032154848,0,03/12/2020 21:49:14,30809,12,task-wynt,,8323177,14509,2485111,,complete,,,computer,Desktop or Laptop,Windows 10,Edge 87.0.664.52,1076x673,1435x897,Test finished,Blue A - Study,2,Consent Given,Consented,Test finished,blue_group,Blue,,,blue_A,,,,,,Blue A: study finished,,,,Distractor finished,,,,,,,BlueA-Study-Spreadsheet,BlueA-Study-Spreadsheet,8,18,2,study_stim,buttonA,response_button_image,1246.6050000512041,,,word.png,1,1,0,0,,,,,2,blue_A_study,word.png,pear--grey-word.png
43,1607032155848,03/12/2020 21:49:15,1607032155774,0,03/12/2020 21:49:15,30809,12,task-wynt,,8323177,14509,2485111,,complete,,,computer,Desktop or Laptop,Windows 10,Edge 87.0.664.52,1076x673,1435x897,Test finished,Blue A - Study,2,Consent Given,Consented,Test finished,blue_group,Blue,,,blue_A,,,,,,Blue A: study finished,,,,Distractor finished,,,,,,,BlueA-Study-Spreadsheet,BlueA-Study-Spreadsheet,50,19,1,fixation,fixation,fixation,500.0200000000041,,,,,0,1,0,,,,,2,blue_A_study,photo.png,bowl--grey-photo.png
44,1607032158388,03/12/2020 21:49:18,1607032158318,0,03/12/2020 21:49:18,30809,12,task-wynt,,8323177,14509,2485111,,complete,,,computer,Desktop or Laptop,Windows 10,Edge 87.0.664.52,1076x673,1435x897,Test finished,Blue A - Study,2,Consent Given,Consented,Test finished,blue_group,Blue,,,blue_A,,,,,,Blue A: study finished,,,,Distractor finished,,,,,,,BlueA-Study-Spreadsheet,BlueA-Study-Spreadsheet,50,19,2,study_stim,Zone1,response_button_image,2526.7349999630824,,,photo.png,1,1,0,0,,,,,2,blue_A_study,photo.png,bowl--grey-photo.png
45,1607032159860,03/12/2020 21:49:19,1607032159241,0,03/12/2020 21:49:19,30809,12,task-wynt,,8323177,14509,2485111,,complete,,,computer,Desktop or Laptop,Windows 10,Edge 87.0.664.52,1076x673,1435x897,Test finished,Blue A - Study,2,Consent Given,Consented,Test finished,blue_group,Blue,,,blue_A,,,,,,Blue A: study finished,,,,Distractor finished,,,,,,,BlueA-Study-Spreadsheet,BlueA-Study-Spreadsheet,37,20,1,fixation,fixation,fixation,500.2039999999979,,,,,0,1,0,,,,,2,blue_A_study,drawing.png,pumpkin--col-drawing.png
46,1607032160800,03/12/2020 21:49:20,1607032160739,0,03/12/2020 21:49:20,30809,12,task-wynt,,8323177,14509,2485111,,complete,,,computer,Desktop or Laptop,Windows 10,Edge 87.0.664.52,1076x673,1435x897,Test finished,Blue A - Study,2,Consent Given,Consented,Test finished,blue_group,Blue,,,blue_A,,,,,,Blue A: study finished,,,,Distractor finished,,,,,,,BlueA-Study-Spreadsheet,BlueA-Study-Spreadsheet,37,20,2,study_stim,Zone2,response_button_image,1486.434999969788,,,drawing.png,1,1,0,0,,,,,2,blue_A_study,drawing.png,pumpkin--col-drawing.png
47,1607032161722,03/12/2020 21:49:21,1607032161658,0,03/12/2020 21:49:21,30809,12,task-wynt,,8323177,14509,2485111,,complete,,,computer,Desktop or Laptop,Windows 10,Edge 87.0.664.52,1076x673,1435x897,Test finished,Blue A - Study,2,Consent Given,Consented,Test finished,blue_group,Blue,,,blue_A,,,,,,Blue A: study finished,,,,Distractor finished,,,,,,,BlueA-Study-Spreadsheet,BlueA-Study-Spreadsheet,61,21,1,fixation,fixation,fixation,500.29499999999825,,,,,0,1,0,,,,,2,blue_A_study,photo.png,skirt--col-photo.png
48,1607032163409,03/12/2020 21:49:23,1607032163345,0,03/12/2020 21:49:23,30809,12,task-wynt,,8323177,14509,2485111,,complete,,,computer,Desktop or Laptop,Windows 10,Edge 87.0.664.52,1076x673,1435x897,Test finished,Blue A - Study,2,Consent Given,Consented,Test finished,blue_group,Blue,,,blue_A,,,,,,Blue A: study finished,,,,Distractor finished,,,,,,,BlueA-Study-Spreadsheet,BlueA-Study-Spreadsheet,61,21,2,study_stim,Zone1,response_button_image,1671.4199999696575,,,photo.png,1,1,0,0,,,,,2,blue_A_study,photo.png,skirt--col-photo.png
49,1607032164316,03/12/2020 21:49:24,1607032164258,0,03/12/2020 21:49:24,30809,12,task-wynt,,8323177,14509,2485111,,complete,,,computer,Desktop or Laptop,Windows 10,Edge 87.0.664.52,1076x673,1435x897,Test finished,Blue A - Study,2,Consent Given,Consented,Test finished,blue_group,Blue,,,blue_A,,,,,,Blue A: study finished,,,,Distractor finished,,,,,,,BlueA-Study-Spreadsheet,BlueA-Study-Spreadsheet,29,22,1,fixation,fixation,fixation,500.04400000000896,,,,,0,1,0,,,,,2,blue_A_study,drawing.png,mitten--grey-drawing.png
50,1607032165848,03/12/2020 21:49:25,1607032165781,0,03/12/2020 21:49:25,30809,12,task-wynt,,8323177,14509,2485111,,complete,,,computer,Desktop or Laptop,Windows 10,Edge 87.0.664.52,1076x673,1435x897,Test finished,Blue A - Study,2,Consent Given,Consented,Test finished,blue_group,Blue,,,blue_A,,,,,,Blue A: study finished,,,,Distractor finished,,,,,,,BlueA-Study-Spreadsheet,BlueA-Study-Spreadsheet,29,22,2,study_stim,Zone2,response_button_image,1511.9849999900907,,,drawing.png,1,1,0,0,,,,,2,blue_A_study,drawing.png,mitten--grey-drawing.png
51,1607032166756,03/12/2020 21:49:26,1607032166708,0,03/12/2020 21:49:26,30809,12,task-wynt,,8323177,14509,2485111,,complete,,,computer,Desktop or Laptop,Windows 10,Edge 87.0.664.52,1076x673,1435x897,Test finished,Blue A - Study,2,Consent Given,Consented,Test finished,blue_group,Blue,,,blue_A,,,,,,Blue A: study finished,,,,Distractor finished,,,,,,,BlueA-Study-Spreadsheet,BlueA-Study-Spreadsheet,7,23,1,fixation,fixation,fixation,499.9850000000006,,,,,0,1,0,,,,,2,blue_A_study,word.png,snail--grey-word.png
52,1607032168116,03/12/2020 21:49:28,1607032168048,0,03/12/2020 21:49:28,30809,12,task-wynt,,8323177,14509,2485111,,complete,,,computer,Desktop or Laptop,Windows 10,Edge 87.0.664.52,1076x673,1435x897,Test finished,Blue A - Study,2,Consent Given,Consented,Test finished,blue_group,Blue,,,blue_A,,,,,,Blue A: study finished,,,,Distractor finished,,,,,,,BlueA-Study-Spreadsheet,BlueA-Study-Spreadsheet,7,23,2,study_stim,buttonA,response_button_image,1328.0050000175834,,,word.png,1,1,0,0,,,,,2,blue_A_study,word.png,snail--grey-word.png
53,1607032169038,03/12/2020 21:49:29,1607032168976,0,03/12/2020 21:49:28,30809,12,task-wynt,,8323177,14509,2485111,,complete,,,computer,Desktop or Laptop,Windows 10,Edge 87.0.664.52,1076x673,1435x897,Test finished,Blue A - Study,2,Consent Given,Consented,Test finished,blue_group,Blue,,,blue_A,,,,,,Blue A: study finished,,,,Distractor finished,,,,,,,BlueA-Study-Spreadsheet,BlueA-Study-Spreadsheet,20,24,1,fixation,fixation,fixation,499.9670000000042,,,,,0,1,0,,,,,2,blue_A_study,word.png,anchor--distinctive-word.png
54,1607032170304,03/12/2020 21:49:30,1607032170238,0,03/12/2020 21:49:30,30809,12,task-wynt,,8323177,14509,2485111,,complete,,,computer,Desktop or Laptop,Windows 10,Edge 87.0.664.52,1076x673,1435x897,Test finished,Blue A - Study,2,Consent Given,Consented,Test finished,blue_group,Blue,,,blue_A,,,,,,Blue A: study finished,,,,Distractor finished,,,,,,,BlueA-Study-Spreadsheet,BlueA-Study-Spreadsheet,20,24,2,study_stim,buttonA,response_button_image,1250.144999998156,,,word.png,1,1,0,0,,,,,2,blue_A_study,word.png,anchor--distinctive-word.png
55,1607032171773,03/12/2020 21:49:31,1607032171159,0,03/12/2020 21:49:31,30809,12,task-wynt,,8323177,14509,2485111,,complete,,,computer,Desktop or Laptop,Windows 10,Edge 87.0.664.52,1076x673,1435x897,Test finished,Blue A - Study,2,Consent Given,Consented,Test finished,blue_group,Blue,,,blue_A,,,,,,Blue A: study finished,,,,Distractor finished,,,,,,,BlueA-Study-Spreadsheet,BlueA-Study-Spreadsheet,26,25,1,fixation,fixation,fixation,500.02999999999884,,,,,0,1,0,,,,,2,blue_A_study,drawing.png,cloud--grey-drawing.png
56,1607032172930,03/12/2020 21:49:32,1607032172866,0,03/12/2020 21:49:32,30809,12,task-wynt,,8323177,14509,2485111,,complete,,,computer,Desktop or Laptop,Windows 10,Edge 87.0.664.52,1076x673,1435x897,Test finished,Blue A - Study,2,Consent Given,Consented,Test finished,blue_group,Blue,,,blue_A,,,,,,Blue A: study finished,,,,Distractor finished,,,,,,,BlueA-Study-Spreadsheet,BlueA-Study-Spreadsheet,26,25,2,study_stim,Zone2,response_button_image,1693.379999953322,,,drawing.png,1,1,0,0,,,,,2,blue_A_study,drawing.png,cloud--grey-drawing.png
57,1607032173837,03/12/2020 21:49:33,1607032173792,0,03/12/2020 21:49:33,30809,12,task-wynt,,8323177,14509,2485111,,complete,,,computer,Desktop or Laptop,Windows 10,Edge 87.0.664.52,1076x673,1435x897,Test finished,Blue A - Study,2,Consent Given,Consented,Test finished,blue_group,Blue,,,blue_A,,,,,,Blue A: study finished,,,,Distractor finished,,,,,,,BlueA-Study-Spreadsheet,BlueA-Study-Spreadsheet,21,26,1,fixation,fixation,fixation,500.0310000000027,,,,,0,1,0,,,,,2,blue_A_study,word.png,pliers--distinctive-word.png
58,1607032175118,03/12/2020 21:49:35,1607032175056,0,03/12/2020 21:49:35,30809,12,task-wynt,,8323177,14509,2485111,,complete,,,computer,Desktop or Laptop,Windows 10,Edge 87.0.664.52,1076x673,1435x897,Test finished,Blue A - Study,2,Consent Given,Consented,Test finished,blue_group,Blue,,,blue_A,,,,,,Blue A: study finished,,,,Distractor finished,,,,,,,BlueA-Study-Spreadsheet,BlueA-Study-Spreadsheet,21,26,2,study_stim,Zone2,response_button_image,1245.0800000224262,,,drawing.png,1,0,1,0,,,,,2,blue_A_study,word.png,pliers--distinctive-word.png
59,1607032176041,03/12/2020 21:49:36,1607032175976,0,03/12/2020 21:49:35,30809,12,task-wynt,,8323177,14509,2485111,,complete,,,computer,Desktop or Laptop,Windows 10,Edge 87.0.664.52,1076x673,1435x897,Test finished,Blue A - Study,2,Consent Given,Consented,Test finished,blue_group,Blue,,,blue_A,,,,,,Blue A: study finished,,,,Distractor finished,,,,,,,BlueA-Study-Spreadsheet,BlueA-Study-Spreadsheet,23,27,1,fixation,fixation,fixation,500.3399999999965,,,,,0,1,0,,,,,2,blue_A_study,word.png,door--distinctive-word.png
60,1607032177322,03/12/2020 21:49:37,1607032177260,0,03/12/2020 21:49:37,30809,12,task-wynt,,8323177,14509,2485111,,complete,,,computer,Desktop or Laptop,Windows 10,Edge 87.0.664.52,1076x673,1435x897,Test finished,Blue A - Study,2,Consent Given,Consented,Test finished,blue_group,Blue,,,blue_A,,,,,,Blue A: study finished,,,,Distractor finished,,,,,,,BlueA-Study-Spreadsheet,BlueA-Study-Spreadsheet,23,27,2,study_stim,buttonA,response_button_image,1270.6450000405312,,,word.png,1,1,0,0,,,,,2,blue_A_study,word.png,door--distinctive-word.png
61,1607032178229,03/12/2020 21:49:38,1607032178176,0,03/12/2020 21:49:38,30809,12,task-wynt,,8323177,14509,2485111,,complete,,,computer,Desktop or Laptop,Windows 10,Edge 87.0.664.52,1076x673,1435x897,Test finished,Blue A - Study,2,Consent Given,Consented,Test finished,blue_group,Blue,,,blue_A,,,,,,Blue A: study finished,,,,Distractor finished,,,,,,,BlueA-Study-Spreadsheet,BlueA-Study-Spreadsheet,49,28,1,fixation,fixation,fixation,500.30100000000675,,,,,0,1,0,,,,,2,blue_A_study,photo.png,watch--grey-photo.png
62,1607032179696,03/12/2020 21:49:39,1607032179641,0,03/12/2020 21:49:39,30809,12,task-wynt,,8323177,14509,2485111,,complete,,,computer,Desktop or Laptop,Windows 10,Edge 87.0.664.52,1076x673,1435x897,Test finished,Blue A - Study,2,Consent Given,Consented,Test finished,blue_group,Blue,,,blue_A,,,,,,Blue A: study finished,,,,Distractor finished,,,,,,,BlueA-Study-Spreadsheet,BlueA-Study-Spreadsheet,49,28,2,study_stim,Zone1,response_button_image,1452.9900000197813,,,photo.png,1,1,0,0,,,,,2,blue_A_study,photo.png,watch--grey-photo.png
63,1607032180619,03/12/2020 21:49:40,1607032180559,0,03/12/2020 21:49:40,30809,12,task-wynt,,8323177,14509,2485111,,complete,,,computer,Desktop or Laptop,Windows 10,Edge 87.0.664.52,1076x673,1435x897,Test finished,Blue A - Study,2,Consent Given,Consented,Test finished,blue_group,Blue,,,blue_A,,,,,,Blue A: study finished,,,,Distractor finished,,,,,,,BlueA-Study-Spreadsheet,BlueA-Study-Spreadsheet,63,29,1,fixation,fixation,fixation,499.9910000000091,,,,,0,1,0,,,,,2,blue_A_study,photo.png,needle--col-photo.png
64,1607032182545,03/12/2020 21:49:42,1607032182478,0,03/12/2020 21:49:42,30809,12,task-wynt,,8323177,14509,2485111,,complete,,,computer,Desktop or Laptop,Windows 10,Edge 87.0.664.52,1076x673,1435x897,Test finished,Blue A - Study,2,Consent Given,Consented,Test finished,blue_group,Blue,,,blue_A,,,,,,Blue A: study finished,,,,Distractor finished,,,,,,,BlueA-Study-Spreadsheet,BlueA-Study-Spreadsheet,63,29,2,study_stim,Zone1,response_button_image,1907.6999999815598,,,photo.png,1,1,0,0,,,,,2,blue_A_study,photo.png,needle--col-photo.png
65,1607032183457,03/12/2020 21:49:43,1607032183393,0,03/12/2020 21:49:43,30809,12,task-wynt,,8323177,14509,2485111,,complete,,,computer,Desktop or Laptop,Windows 10,Edge 87.0.664.52,1076x673,1435x897,Test finished,Blue A - Study,2,Consent Given,Consented,Test finished,blue_group,Blue,,,blue_A,,,,,,Blue A: study finished,,,,Distractor finished,,,,,,,BlueA-Study-Spreadsheet,BlueA-Study-Spreadsheet,51,30,1,fixation,fixation,fixation,500.0859999999957,,,,,0,1,0,,,,,2,blue_A_study,photo.png,camel--grey-photo.png
66,1607032184957,03/12/2020 21:49:44,1607032184890,0,03/12/2020 21:49:44,30809,12,task-wynt,,8323177,14509,2485111,,complete,,,computer,Desktop or Laptop,Windows 10,Edge 87.0.664.52,1076x673,1435x897,Test finished,Blue A - Study,2,Consent Given,Consented,Test finished,blue_group,Blue,,,blue_A,,,,,,Blue A: study finished,,,,Distractor finished,,,,,,,BlueA-Study-Spreadsheet,BlueA-Study-Spreadsheet,51,30,2,study_stim,Zone1,response_button_image,1484.9749999702908,,,photo.png,1,1,0,0,,,,,2,blue_A_study,photo.png,camel--grey-photo.png
67,1607032185868,03/12/2020 21:49:45,1607032185810,0,03/12/2020 21:49:45,30809,12,task-wynt,,8323177,14509,2485111,,complete,,,computer,Desktop or Laptop,Windows 10,Edge 87.0.664.52,1076x673,1435x897,Test finished,Blue A - Study,2,Consent Given,Consented,Test finished,blue_group,Blue,,,blue_A,,,,,,Blue A: study finished,,,,Distractor finished,,,,,,,BlueA-Study-Spreadsheet,BlueA-Study-Spreadsheet,10,31,1,fixation,fixation,fixation,500.0520000000106,,,,,0,1,0,,,,,2,blue_A_study,word.png,cannon--grey-word.png
68,1607032187181,03/12/2020 21:49:47,1607032187121,0,03/12/2020 21:49:47,30809,12,task-wynt,,8323177,14509,2485111,,complete,,,computer,Desktop or Laptop,Windows 10,Edge 87.0.664.52,1076x673,1435x897,Test finished,Blue A - Study,2,Consent Given,Consented,Test finished,blue_group,Blue,,,blue_A,,,,,,Blue A: study finished,,,,Distractor finished,,,,,,,BlueA-Study-Spreadsheet,BlueA-Study-Spreadsheet,10,31,2,study_stim,buttonA,response_button_image,1299.2450000019744,,,word.png,1,1,0,0,,,,,2,blue_A_study,word.png,cannon--grey-word.png
69,1607032188104,03/12/2020 21:49:48,1607032188044,0,03/12/2020 21:49:48,30809,12,task-wynt,,8323177,14509,2485111,,complete,,,computer,Desktop or Laptop,Windows 10,Edge 87.0.664.52,1076x673,1435x897,Test finished,Blue A - Study,2,Consent Given,Consented,Test finished,blue_group,Blue,,,blue_A,,,,,,Blue A: study finished,,,,Distractor finished,,,,,,,BlueA-Study-Spreadsheet,BlueA-Study-Spreadsheet,58,32,1,fixation,fixation,fixation,500.02700000000186,,,,,0,1,0,,,,,2,blue_A_study,photo.png,shirt--col-photo.png
70,1607032189744,03/12/2020 21:49:49,1607032189682,0,03/12/2020 21:49:49,30809,12,task-wynt,,8323177,14509,2485111,,complete,,,computer,Desktop or Laptop,Windows 10,Edge 87.0.664.52,1076x673,1435x897,Test finished,Blue A - Study,2,Consent Given,Consented,Test finished,blue_group,Blue,,,blue_A,,,,,,Blue A: study finished,,,,Distractor finished,,,,,,,BlueA-Study-Spreadsheet,BlueA-Study-Spreadsheet,58,32,2,study_stim,Zone1,response_button_image,1627.115000039339,,,photo.png,1,1,0,0,,,,,2,blue_A_study,photo.png,shirt--col-photo.png
71,1607032190668,03/12/2020 21:49:50,1607032190610,0,03/12/2020 21:49:50,30809,12,task-wynt,,8323177,14509,2485111,,complete,,,computer,Desktop or Laptop,Windows 10,Edge 87.0.664.52,1076x673,1435x897,Test finished,Blue A - Study,2,Consent Given,Consented,Test finished,blue_group,Blue,,,blue_A,,,,,,Blue A: study finished,,,,Distractor finished,,,,,,,BlueA-Study-Spreadsheet,BlueA-Study-Spreadsheet,22,33,1,fixation,fixation,fixation,500.0460000000021,,,,,0,1,0,,,,,2,blue_A_study,word.png,fish--distinctive-word.png
72,1607032192124,03/12/2020 21:49:52,1607032192060,0,03/12/2020 21:49:52,30809,12,task-wynt,,8323177,14509,2485111,,complete,,,computer,Desktop or Laptop,Windows 10,Edge 87.0.664.52,1076x673,1435x897,Test finished,Blue A - Study,2,Consent Given,Consented,Test finished,blue_group,Blue,,,blue_A,,,,,,Blue A: study finished,,,,Distractor finished,,,,,,,BlueA-Study-Spreadsheet,BlueA-Study-Spreadsheet,22,33,2,study_stim,buttonA,response_button_image,1438.5999999940395,,,word.png,1,1,0,0,,,,,2,blue_A_study,word.png,fish--distinctive-word.png
73,1607032193032,03/12/2020 21:49:53,1607032192978,0,03/12/2020 21:49:52,30809,12,task-wynt,,8323177,14509,2485111,,complete,,,computer,Desktop or Laptop,Windows 10,Edge 87.0.664.52,1076x673,1435x897,Test finished,Blue A - Study,2,Consent Given,Consented,Test finished,blue_group,Blue,,,blue_A,,,,,,Blue A: study finished,,,,Distractor finished,,,,,,,BlueA-Study-Spreadsheet,BlueA-Study-Spreadsheet,31,34,1,fixation,fixation,fixation,500.05100000000675,,,,,0,1,0,,,,,2,blue_A_study,drawing.png,nail--grey-drawing.png
74,1607032196074,03/12/2020 21:49:56,1607032196014,0,03/12/2020 21:49:56,30809,12,task-wynt,,8323177,14509,2485111,,complete,,,computer,Desktop or Laptop,Windows 10,Edge 87.0.664.52,1076x673,1435x897,Test finished,Blue A - Study,2,Consent Given,Consented,Test finished,blue_group,Blue,,,blue_A,,,,,,Blue A: study finished,,,,Distractor finished,,,,,,,BlueA-Study-Spreadsheet,BlueA-Study-Spreadsheet,31,34,2,study_stim,Zone2,response_button_image,3024.4500000262633,,,drawing.png,1,1,0,0,,,,,2,blue_A_study,drawing.png,nail--grey-drawing.png
75,1607032196986,03/12/2020 21:49:56,1607032196928,0,03/12/2020 21:49:56,30809,12,task-wynt,,8323177,14509,2485111,,complete,,,computer,Desktop or Laptop,Windows 10,Edge 87.0.664.52,1076x673,1435x897,Test finished,Blue A - Study,2,Consent Given,Consented,Test finished,blue_group,Blue,,,blue_A,,,,,,Blue A: study finished,,,,Distractor finished,,,,,,,BlueA-Study-Spreadsheet,BlueA-Study-Spreadsheet,53,35,1,fixation,fixation,fixation,500.0590000000084,,,,,0,1,0,,,,,2,blue_A_study,photo.png,window--grey-photo.png
76,1607032198865,03/12/2020 21:49:58,1607032198807,0,03/12/2020 21:49:58,30809,12,task-wynt,,8323177,14509,2485111,,complete,,,computer,Desktop or Laptop,Windows 10,Edge 87.0.664.52,1076x673,1435x897,Test finished,Blue A - Study,2,Consent Given,Consented,Test finished,blue_group,Blue,,,blue_A,,,,,,Blue A: study finished,,,,Distractor finished,,,,,,,BlueA-Study-Spreadsheet,BlueA-Study-Spreadsheet,53,35,2,study_stim,Zone1,response_button_image,1858.7900000275113,,,photo.png,1,1,0,0,,,,,2,blue_A_study,photo.png,window--grey-photo.png
77,1607032199802,03/12/2020 21:49:59,1607032199728,0,03/12/2020 21:49:59,30809,12,task-wynt,,8323177,14509,2485111,,complete,,,computer,Desktop or Laptop,Windows 10,Edge 87.0.664.52,1076x673,1435x897,Test finished,Blue A - Study,2,Consent Given,Consented,Test finished,blue_group,Blue,,,blue_A,,,,,,Blue A: study finished,,,,Distractor finished,,,,,,,BlueA-Study-Spreadsheet,BlueA-Study-Spreadsheet,12,36,1,fixation,fixation,fixation,500.0260000000126,,,,,0,1,0,,,,,2,blue_A_study,word.png,piano--grey-word.png
78,1607032201241,03/12/2020 21:50:01,1607032201177,0,03/12/2020 21:50:01,30809,12,task-wynt,,8323177,14509,2485111,,complete,,,computer,Desktop or Laptop,Windows 10,Edge 87.0.664.52,1076x673,1435x897,Test finished,Blue A - Study,2,Consent Given,Consented,Test finished,blue_group,Blue,,,blue_A,,,,,,Blue A: study finished,,,,Distractor finished,,,,,,,BlueA-Study-Spreadsheet,BlueA-Study-Spreadsheet,12,36,2,study_stim,buttonA,response_button_image,1438.1899999571033,,,word.png,1,1,0,0,,,,,2,blue_A_study,word.png,piano--grey-word.png
79,1607032202162,03/12/2020 21:50:02,1607032202095,0,03/12/2020 21:50:02,30809,12,task-wynt,,8323177,14509,2485111,,complete,,,computer,Desktop or Laptop,Windows 10,Edge 87.0.664.52,1076x673,1435x897,Test finished,Blue A - Study,2,Consent Given,Consented,Test finished,blue_group,Blue,,,blue_A,,,,,,Blue A: study finished,,,,Distractor finished,,,,,,,BlueA-Study-Spreadsheet,BlueA-Study-Spreadsheet,60,37,1,fixation,fixation,fixation,500.01299999999173,,,,,0,1,0,,,,,2,blue_A_study,photo.png,violin--col-photo.png
80,1607032204522,03/12/2020 21:50:04,1607032204443,0,03/12/2020 21:50:04,30809,12,task-wynt,,8323177,14509,2485111,,complete,,,computer,Desktop or Laptop,Windows 10,Edge 87.0.664.52,1076x673,1435x897,Test finished,Blue A - Study,2,Consent Given,Consented,Test finished,blue_group,Blue,,,blue_A,,,,,,Blue A: study finished,,,,Distractor finished,,,,,,,BlueA-Study-Spreadsheet,BlueA-Study-Spreadsheet,60,37,2,study_stim,Zone1,response_button_image,2335.89500002563,,,photo.png,1,1,0,0,,,,,2,blue_A_study,photo.png,violin--col-photo.png
81,1607032205433,03/12/2020 21:50:05,1607032205363,0,03/12/2020 21:50:05,30809,12,task-wynt,,8323177,14509,2485111,,complete,,,computer,Desktop or Laptop,Windows 10,Edge 87.0.664.52,1076x673,1435x897,Test finished,Blue A - Study,2,Consent Given,Consented,Test finished,blue_group,Blue,,,blue_A,,,,,,Blue A: study finished,,,,Distractor finished,,,,,,,BlueA-Study-Spreadsheet,BlueA-Study-Spreadsheet,13,38,1,fixation,fixation,fixation,500.3220000000001,,,,,0,1,0,,,,,2,blue_A_study,word.png,jacket--grey-word.png
82,1607032206558,03/12/2020 21:50:06,1607032206498,0,03/12/2020 21:50:06,30809,12,task-wynt,,8323177,14509,2485111,,complete,,,computer,Desktop or Laptop,Windows 10,Edge 87.0.664.52,1076x673,1435x897,Test finished,Blue A - Study,2,Consent Given,Consented,Test finished,blue_group,Blue,,,blue_A,,,,,,Blue A: study finished,,,,Distractor finished,,,,,,,BlueA-Study-Spreadsheet,BlueA-Study-Spreadsheet,13,38,2,study_stim,buttonA,response_button_image,1117.3149999813177,,,word.png,1,1,0,0,,,,,2,blue_A_study,word.png,jacket--grey-word.png
83,1607032207528,03/12/2020 21:50:07,1607032207412,0,03/12/2020 21:50:07,30809,12,task-wynt,,8323177,14509,2485111,,complete,,,computer,Desktop or Laptop,Windows 10,Edge 87.0.664.52,1076x673,1435x897,Test finished,Blue A - Study,2,Consent Given,Consented,Test finished,blue_group,Blue,,,blue_A,,,,,,Blue A: study finished,,,,Distractor finished,,,,,,,BlueA-Study-Spreadsheet,BlueA-Study-Spreadsheet,19,39,1,fixation,fixation,fixation,499.9990000000107,,,,,0,1,0,,,,,2,blue_A_study,word.png,pencil--distinctive-word.png
84,1607032208356,03/12/2020 21:50:08,1607032208290,0,03/12/2020 21:50:08,30809,12,task-wynt,,8323177,14509,2485111,,complete,,,computer,Desktop or Laptop,Windows 10,Edge 87.0.664.52,1076x673,1435x897,Test finished,Blue A - Study,2,Consent Given,Consented,Test finished,blue_group,Blue,,,blue_A,,,,,,Blue A: study finished,,,,Distractor finished,,,,,,,BlueA-Study-Spreadsheet,BlueA-Study-Spreadsheet,19,39,2,study_stim,buttonA,response_button_image,867.534999968484,,,word.png,1,1,0,0,,,,,2,blue_A_study,word.png,pencil--distinctive-word.png
85,1607032209276,03/12/2020 21:50:09,1607032209212,0,03/12/2020 21:50:09,30809,12,task-wynt,,8323177,14509,2485111,,complete,,,computer,Desktop or Laptop,Windows 10,Edge 87.0.664.52,1076x673,1435x897,Test finished,Blue A - Study,2,Consent Given,Consented,Test finished,blue_group,Blue,,,blue_A,,,,,,Blue A: study finished,,,,Distractor finished,,,,,,,BlueA-Study-Spreadsheet,BlueA-Study-Spreadsheet,17,40,1,fixation,fixation,fixation,500.0599999999977,,,,,0,1,0,,,,,2,blue_A_study,word.png,peach--distinctive-word.png
86,1607032209995,03/12/2020 21:50:09,1607032209938,0,03/12/2020 21:50:09,30809,12,task-wynt,,8323177,14509,2485111,,complete,,,computer,Desktop or Laptop,Windows 10,Edge 87.0.664.52,1076x673,1435x897,Test finished,Blue A - Study,2,Consent Given,Consented,Test finished,blue_group,Blue,,,blue_A,,,,,,Blue A: study finished,,,,Distractor finished,,,,,,,BlueA-Study-Spreadsheet,BlueA-Study-Spreadsheet,17,40,2,study_stim,buttonA,response_button_image,714.7600000025705,,,word.png,1,1,0,0,,,,,2,blue_A_study,word.png,peach--distinctive-word.png
87,1607032210903,03/12/2020 21:50:10,1607032210846,0,03/12/2020 21:50:10,30809,12,task-wynt,,8323177,14509,2485111,,complete,,,computer,Desktop or Laptop,Windows 10,Edge 87.0.664.52,1076x673,1435x897,Test finished,Blue A - Study,2,Consent Given,Consented,Test finished,blue_group,Blue,,,blue_A,,,,,,Blue A: study finished,,,,Distractor finished,,,,,,,BlueA-Study-Spreadsheet,BlueA-Study-Spreadsheet,47,41,1,fixation,fixation,fixation,500.01900000000023,,,,,0,1,0,,,,,2,blue_A_study,photo.png,lobster--grey-photo.png
88,1607032213404,03/12/2020 21:50:13,1607032212779,0,03/12/2020 21:50:12,30809,12,task-wynt,,8323177,14509,2485111,,complete,,,computer,Desktop or Laptop,Windows 10,Edge 87.0.664.52,1076x673,1435x897,Test finished,Blue A - Study,2,Consent Given,Consented,Test finished,blue_group,Blue,,,blue_A,,,,,,Blue A: study finished,,,,Distractor finished,,,,,,,BlueA-Study-Spreadsheet,BlueA-Study-Spreadsheet,47,41,2,study_stim,Zone1,response_button_image,1922.0599999534898,,,photo.png,1,1,0,0,,,,,2,blue_A_study,photo.png,lobster--grey-photo.png
89,1607032213749,03/12/2020 21:50:13,1607032213696,0,03/12/2020 21:50:13,30809,12,task-wynt,,8323177,14509,2485111,,complete,,,computer,Desktop or Laptop,Windows 10,Edge 87.0.664.52,1076x673,1435x897,Test finished,Blue A - Study,2,Consent Given,Consented,Test finished,blue_group,Blue,,,blue_A,,,,,,Blue A: study finished,,,,Distractor finished,,,,,,,BlueA-Study-Spreadsheet,BlueA-Study-Spreadsheet,14,42,1,fixation,fixation,fixation,500.0460000000021,,,,,0,1,0,,,,,2,blue_A_study,word.png,cherry--distinctive-word.png
90,1607032215108,03/12/2020 21:50:15,1607032215044,0,03/12/2020 21:50:15,30809,12,task-wynt,,8323177,14509,2485111,,complete,,,computer,Desktop or Laptop,Windows 10,Edge 87.0.664.52,1076x673,1435x897,Test finished,Blue A - Study,2,Consent Given,Consented,Test finished,blue_group,Blue,,,blue_A,,,,,,Blue A: study finished,,,,Distractor finished,,,,,,,BlueA-Study-Spreadsheet,BlueA-Study-Spreadsheet,14,42,2,study_stim,buttonA,response_button_image,1335.2350000059232,,,word.png,1,1,0,0,,,,,2,blue_A_study,word.png,cherry--distinctive-word.png
91,1607032216029,03/12/2020 21:50:16,1607032215964,0,03/12/2020 21:50:15,30809,12,task-wynt,,8323177,14509,2485111,,complete,,,computer,Desktop or Laptop,Windows 10,Edge 87.0.664.52,1076x673,1435x897,Test finished,Blue A - Study,2,Consent Given,Consented,Test finished,blue_group,Blue,,,blue_A,,,,,,Blue A: study finished,,,,Distractor finished,,,,,,,BlueA-Study-Spreadsheet,BlueA-Study-Spreadsheet,27,43,1,fixation,fixation,fixation,500.08000000000175,,,,,0,1,0,,,,,2,blue_A_study,drawing.png,guitar--grey-drawing.png
92,1607032217392,03/12/2020 21:50:17,1607032217322,0,03/12/2020 21:50:17,30809,12,task-wynt,,8323177,14509,2485111,,complete,,,computer,Desktop or Laptop,Windows 10,Edge 87.0.664.52,1076x673,1435x897,Test finished,Blue A - Study,2,Consent Given,Consented,Test finished,blue_group,Blue,,,blue_A,,,,,,Blue A: study finished,,,,Distractor finished,,,,,,,BlueA-Study-Spreadsheet,BlueA-Study-Spreadsheet,27,43,2,study_stim,Zone2,response_button_image,1346.1399999796413,,,drawing.png,1,1,0,0,,,,,2,blue_A_study,drawing.png,guitar--grey-drawing.png
93,1607032218298,03/12/2020 21:50:18,1607032218247,0,03/12/2020 21:50:18,30809,12,task-wynt,,8323177,14509,2485111,,complete,,,computer,Desktop or Laptop,Windows 10,Edge 87.0.664.52,1076x673,1435x897,Test finished,Blue A - Study,2,Consent Given,Consented,Test finished,blue_group,Blue,,,blue_A,,,,,,Blue A: study finished,,,,Distractor finished,,,,,,,BlueA-Study-Spreadsheet,BlueA-Study-Spreadsheet,38,44,1,fixation,fixation,fixation,500.07399999999325,,,,,0,1,0,,,,,2,blue_A_study,drawing.png,flag--col-drawing.png
94,1607032219456,03/12/2020 21:50:19,1607032219395,0,03/12/2020 21:50:19,30809,12,task-wynt,,8323177,14509,2485111,,complete,,,computer,Desktop or Laptop,Windows 10,Edge 87.0.664.52,1076x673,1435x897,Test finished,Blue A - Study,2,Consent Given,Consented,Test finished,blue_group,Blue,,,blue_A,,,,,,Blue A: study finished,,,,Distractor finished,,,,,,,BlueA-Study-Spreadsheet,BlueA-Study-Spreadsheet,38,44,2,study_stim,Zone2,response_button_image,1137.4250000226311,,,drawing.png,1,1,0,0,,,,,2,blue_A_study,drawing.png,flag--col-drawing.png
95,1607032220383,03/12/2020 21:50:20,1607032220313,0,03/12/2020 21:50:20,30809,12,task-wynt,,8323177,14509,2485111,,complete,,,computer,Desktop or Laptop,Windows 10,Edge 87.0.664.52,1076x673,1435x897,Test finished,Blue A - Study,2,Consent Given,Consented,Test finished,blue_group,Blue,,,blue_A,,,,,,Blue A: study finished,,,,Distractor finished,,,,,,,BlueA-Study-Spreadsheet,BlueA-Study-Spreadsheet,56,45,1,fixation,fixation,fixation,500.0469999999914,,,,,0,1,0,,,,,2,blue_A_study,photo.png,knife--col-photo.png
96,1607032222444,03/12/2020 21:50:22,1607032222382,0,03/12/2020 21:50:22,30809,12,task-wynt,,8323177,14509,2485111,,complete,,,computer,Desktop or Laptop,Windows 10,Edge 87.0.664.52,1076x673,1435x897,Test finished,Blue A - Study,2,Consent Given,Consented,Test finished,blue_group,Blue,,,blue_A,,,,,,Blue A: study finished,,,,Distractor finished,,,,,,,BlueA-Study-Spreadsheet,BlueA-Study-Spreadsheet,56,45,2,study_stim,Zone1,response_button_image,2057.314999983646,,,photo.png,1,1,0,0,,,,,2,blue_A_study,photo.png,knife--col-photo.png
97,1607032223352,03/12/2020 21:50:23,1607032223298,0,03/12/2020 21:50:23,30809,12,task-wynt,,8323177,14509,2485111,,complete,,,computer,Desktop or Laptop,Windows 10,Edge 87.0.664.52,1076x673,1435x897,Test finished,Blue A - Study,2,Consent Given,Consented,Test finished,blue_group,Blue,,,blue_A,,,,,,Blue A: study finished,,,,Distractor finished,,,,,,,BlueA-Study-Spreadsheet,BlueA-Study-Spreadsheet,39,46,1,fixation,fixation,fixation,500.2850000000035,,,,,0,1,0,,,,,2,blue_A_study,drawing.png,tiger--col-drawing.png
98,1607032224737,03/12/2020 21:50:24,1607032224672,0,03/12/2020 21:50:24,30809,12,task-wynt,,8323177,14509,2485111,,complete,,,computer,Desktop or Laptop,Windows 10,Edge 87.0.664.52,1076x673,1435x897,Test finished,Blue A - Study,2,Consent Given,Consented,Test finished,blue_group,Blue,,,blue_A,,,,,,Blue A: study finished,,,,Distractor finished,,,,,,,BlueA-Study-Spreadsheet,BlueA-Study-Spreadsheet,39,46,2,study_stim,Zone2,response_button_image,1362.5300000421703,,,drawing.png,1,1,0,0,,,,,2,blue_A_study,drawing.png,tiger--col-drawing.png
99,1607032225642,03/12/2020 21:50:25,1607032225597,0,03/12/2020 21:50:25,30809,12,task-wynt,,8323177,14509,2485111,,complete,,,computer,Desktop or Laptop,Windows 10,Edge 87.0.664.52,1076x673,1435x897,Test finished,Blue A - Study,2,Consent Given,Consented,Test finished,blue_group,Blue,,,blue_A,,,,,,Blue A: study finished,,,,Distractor finished,,,,,,,BlueA-Study-Spreadsheet,BlueA-Study-Spreadsheet,59,47,1,fixation,fixation,fixation,500.06900000000314,,,,,0,1,0,,,,,2,blue_A_study,photo.png,frog--col-photo.png
100,1607032227159,03/12/2020 21:50:27,1607032227088,0,03/12/2020 21:50:27,30809,12,task-wynt,,8323177,14509,2485111,,complete,,,computer,Desktop or Laptop,Windows 10,Edge 87.0.664.52,1076x673,1435x897,Test finished,Blue A - Study,2,Consent Given,Consented,Test finished,blue_group,Blue,,,blue_A,,,,,,Blue A: study finished,,,,Distractor finished,,,,,,,BlueA-Study-Spreadsheet,BlueA-Study-Spreadsheet,59,47,2,study_stim,Zone1,response_button_image,1478.9449999807402,,,photo.png,1,1,0,0,,,,,2,blue_A_study,photo.png,frog--col-photo.png
101,1607032228067,03/12/2020 21:50:28,1607032228014,0,03/12/2020 21:50:28,30809,12,task-wynt,,8323177,14509,2485111,,complete,,,computer,Desktop or Laptop,Windows 10,Edge 87.0.664.52,1076x673,1435x897,Test finished,Blue A - Study,2,Consent Given,Consented,Test finished,blue_group,Blue,,,blue_A,,,,,,Blue A: study finished,,,,Distractor finished,,,,,,,BlueA-Study-Spreadsheet,BlueA-Study-Spreadsheet,11,48,1,fixation,fixation,fixation,499.9860000000044,,,,,0,1,0,,,,,2,blue_A_study,word.png,orange--grey-word.png
102,1607032229349,03/12/2020 21:50:29,1607032229277,0,03/12/2020 21:50:29,30809,12,task-wynt,,8323177,14509,2485111,,complete,,,computer,Desktop or Laptop,Windows 10,Edge 87.0.664.52,1076x673,1435x897,Test finished,Blue A - Study,2,Consent Given,Consented,Test finished,blue_group,Blue,,,blue_A,,,,,,Blue A: study finished,,,,Distractor finished,,,,,,,BlueA-Study-Spreadsheet,BlueA-Study-Spreadsheet,11,48,2,study_stim,buttonA,response_button_image,1251.8850000342354,,,word.png,1,1,0,0,,,,,2,blue_A_study,word.png,orange--grey-word.png
103,1607032230256,03/12/2020 21:50:30,1607032230198,0,03/12/2020 21:50:30,30809,12,task-wynt,,8323177,14509,2485111,,complete,,,computer,Desktop or Laptop,Windows 10,Edge 87.0.664.52,1076x673,1435x897,Test finished,Blue A - Study,2,Consent Given,Consented,Test finished,blue_group,Blue,,,blue_A,,,,,,Blue A: study finished,,,,Distractor finished,,,,,,,BlueA-Study-Spreadsheet,BlueA-Study-Spreadsheet,18,49,1,fixation,fixation,fixation,500.07399999999325,,,,,0,1,0,,,,,2,blue_A_study,word.png,rabbit--distinctive-word.png
104,1607032231532,03/12/2020 21:50:31,1607032231464,0,03/12/2020 21:50:31,30809,12,task-wynt,,8323177,14509,2485111,,complete,,,computer,Desktop or Laptop,Windows 10,Edge 87.0.664.52,1076x673,1435x897,Test finished,Blue A - Study,2,Consent Given,Consented,Test finished,blue_group,Blue,,,blue_A,,,,,,Blue A: study finished,,,,Distractor finished,,,,,,,BlueA-Study-Spreadsheet,BlueA-Study-Spreadsheet,18,49,2,study_stim,buttonA,response_button_image,1253.595000016503,,,word.png,1,1,0,0,,,,,2,blue_A_study,word.png,rabbit--distinctive-word.png
105,1607032232439,03/12/2020 21:50:32,1607032232381,0,03/12/2020 21:50:32,30809,12,task-wynt,,8323177,14509,2485111,,complete,,,computer,Desktop or Laptop,Windows 10,Edge 87.0.664.52,1076x673,1435x897,Test finished,Blue A - Study,2,Consent Given,Consented,Test finished,blue_group,Blue,,,blue_A,,,,,,Blue A: study finished,,,,Distractor finished,,,,,,,BlueA-Study-Spreadsheet,BlueA-Study-Spreadsheet,54,50,1,fixation,fixation,fixation,500.05799999999,,,,,0,1,0,,,,,2,blue_A_study,photo.png,clock--col-photo.png
106,1607032233799,03/12/2020 21:50:33,1607032233731,0,03/12/2020 21:50:33,30809,12,task-wynt,,8323177,14509,2485111,,complete,,,computer,Desktop or Laptop,Windows 10,Edge 87.0.664.52,1076x673,1435x897,Test finished,Blue A - Study,2,Consent Given,Consented,Test finished,blue_group,Blue,,,blue_A,,,,,,Blue A: study finished,,,,Distractor finished,,,,,,,BlueA-Study-Spreadsheet,BlueA-Study-Spreadsheet,54,50,2,study_stim,Zone1,response_button_image,1332.2599999955855,,,photo.png,1,1,0,0,,,,,2,blue_A_study,photo.png,clock--col-photo.png
107,1607032234704,03/12/2020 21:50:34,1607032234648,0,03/12/2020 21:50:34,30809,12,task-wynt,,8323177,14509,2485111,,complete,,,computer,Desktop or Laptop,Windows 10,Edge 87.0.664.52,1076x673,1435x897,Test finished,Blue A - Study,2,Consent Given,Consented,Test finished,blue_group,Blue,,,blue_A,,,,,,Blue A: study finished,,,,Distractor finished,,,,,,,BlueA-Study-Spreadsheet,BlueA-Study-Spreadsheet,57,51,1,fixation,fixation,fixation,500.0359999999928,,,,,0,1,0,,,,,2,blue_A_study,photo.png,doll--col-photo.png
108,1607032235912,03/12/2020 21:50:35,1607032235857,0,03/12/2020 21:50:35,30809,12,task-wynt,,8323177,14509,2485111,,complete,,,computer,Desktop or Laptop,Windows 10,Edge 87.0.664.52,1076x673,1435x897,Test finished,Blue A - Study,2,Consent Given,Consented,Test finished,blue_group,Blue,,,blue_A,,,,,,Blue A: study finished,,,,Distractor finished,,,,,,,BlueA-Study-Spreadsheet,BlueA-Study-Spreadsheet,57,51,2,study_stim,Zone1,response_button_image,1192.5000000046566,,,photo.png,1,1,0,0,,,,,2,blue_A_study,photo.png,doll--col-photo.png
109,1607032236850,03/12/2020 21:50:36,1607032236782,0,03/12/2020 21:50:36,30809,12,task-wynt,,8323177,14509,2485111,,complete,,,computer,Desktop or Laptop,Windows 10,Edge 87.0.664.52,1076x673,1435x897,Test finished,Blue A - Study,2,Consent Given,Consented,Test finished,blue_group,Blue,,,blue_A,,,,,,Blue A: study finished,,,,Distractor finished,,,,,,,BlueA-Study-Spreadsheet,BlueA-Study-Spreadsheet,43,52,1,fixation,fixation,fixation,500.0709999999963,,,,,0,1,0,,,,,2,blue_A_study,drawing.png,lemon--col-drawing.png
110,1607032239104,03/12/2020 21:50:39,1607032239042,0,03/12/2020 21:50:39,30809,12,task-wynt,,8323177,14509,2485111,,complete,,,computer,Desktop or Laptop,Windows 10,Edge 87.0.664.52,1076x673,1435x897,Test finished,Blue A - Study,2,Consent Given,Consented,Test finished,blue_group,Blue,,,blue_A,,,,,,Blue A: study finished,,,,Distractor finished,,,,,,,BlueA-Study-Spreadsheet,BlueA-Study-Spreadsheet,43,52,2,study_stim,Zone2,response_button_image,2244.750000012573,,,drawing.png,1,1,0,0,,,,,2,blue_A_study,drawing.png,lemon--col-drawing.png
111,1607032240589,03/12/2020 21:50:40,1607032239966,0,03/12/2020 21:50:39,30809,12,task-wynt,,8323177,14509,2485111,,complete,,,computer,Desktop or Laptop,Windows 10,Edge 87.0.664.52,1076x673,1435x897,Test finished,Blue A - Study,2,Consent Given,Consented,Test finished,blue_group,Blue,,,blue_A,,,,,,Blue A: study finished,,,,Distractor finished,,,,,,,BlueA-Study-Spreadsheet,BlueA-Study-Spreadsheet,42,53,1,fixation,fixation,fixation,500.3520000000135,,,,,0,1,0,,,,,2,blue_A_study,drawing.png,corn--col-drawing.png
112,1607032241073,03/12/2020 21:50:41,1607032241009,0,03/12/2020 21:50:41,30809,12,task-wynt,,8323177,14509,2485111,,complete,,,computer,Desktop or Laptop,Windows 10,Edge 87.0.664.52,1076x673,1435x897,Test finished,Blue A - Study,2,Consent Given,Consented,Test finished,blue_group,Blue,,,blue_A,,,,,,Blue A: study finished,,,,Distractor finished,,,,,,,BlueA-Study-Spreadsheet,BlueA-Study-Spreadsheet,42,53,2,study_stim,Zone2,response_button_image,1032.4449999607168,,,drawing.png,1,1,0,0,,,,,2,blue_A_study,drawing.png,corn--col-drawing.png
113,1607032242011,03/12/2020 21:50:42,1607032241932,0,03/12/2020 21:50:41,30809,12,task-wynt,,8323177,14509,2485111,,complete,,,computer,Desktop or Laptop,Windows 10,Edge 87.0.664.52,1076x673,1435x897,Test finished,Blue A - Study,2,Consent Given,Consented,Test finished,blue_group,Blue,,,blue_A,,,,,,Blue A: study finished,,,,Distractor finished,,,,,,,BlueA-Study-Spreadsheet,BlueA-Study-Spreadsheet,4,54,1,fixation,fixation,fixation,500.0460000000021,,,,,0,1,0,,,,,2,blue_A_study,word.png,whistle--grey-word.png
114,1607032243839,03/12/2020 21:50:43,1607032243177,0,03/12/2020 21:50:43,30809,12,task-wynt,,8323177,14509,2485111,,complete,,,computer,Desktop or Laptop,Windows 10,Edge 87.0.664.52,1076x673,1435x897,Test finished,Blue A - Study,2,Consent Given,Consented,Test finished,blue_group,Blue,,,blue_A,,,,,,Blue A: study finished,,,,Distractor finished,,,,,,,BlueA-Study-Spreadsheet,BlueA-Study-Spreadsheet,4,54,2,study_stim,buttonA,response_button_image,1233.4050000063144,,,word.png,1,1,0,0,,,,,2,blue_A_study,word.png,whistle--grey-word.png
115,1607032244183,03/12/2020 21:50:44,1607032244099,0,03/12/2020 21:50:44,30809,12,task-wynt,,8323177,14509,2485111,,complete,,,computer,Desktop or Laptop,Windows 10,Edge 87.0.664.52,1076x673,1435x897,Test finished,Blue A - Study,2,Consent Given,Consented,Test finished,blue_group,Blue,,,blue_A,,,,,,Blue A: study finished,,,,Distractor finished,,,,,,,BlueA-Study-Spreadsheet,BlueA-Study-Spreadsheet,62,55,1,fixation,fixation,fixation,500.01500000001397,,,,,0,1,0,,,,,2,blue_A_study,photo.png,balloon--col-photo.png
116,1607032245449,03/12/2020 21:50:45,1607032245387,0,03/12/2020 21:50:45,30809,12,task-wynt,,8323177,14509,2485111,,complete,,,computer,Desktop or Laptop,Windows 10,Edge 87.0.664.52,1076x673,1435x897,Test finished,Blue A - Study,2,Consent Given,Consented,Test finished,blue_group,Blue,,,blue_A,,,,,,Blue A: study finished,,,,Distractor finished,,,,,,,BlueA-Study-Spreadsheet,BlueA-Study-Spreadsheet,62,55,2,study_stim,Zone1,response_button_image,1271.500000031665,,,photo.png,1,1,0,0,,,,,2,blue_A_study,photo.png,balloon--col-photo.png
117,1607032246358,03/12/2020 21:50:46,1607032246299,0,03/12/2020 21:50:46,30809,12,task-wynt,,8323177,14509,2485111,,complete,,,computer,Desktop or Laptop,Windows 10,Edge 87.0.664.52,1076x673,1435x897,Test finished,Blue A - Study,2,Consent Given,Consented,Test finished,blue_group,Blue,,,blue_A,,,,,,Blue A: study finished,,,,Distractor finished,,,,,,,BlueA-Study-Spreadsheet,BlueA-Study-Spreadsheet,16,56,1,fixation,fixation,fixation,500.0689999999886,,,,,0,1,0,,,,,2,blue_A_study,word.png,leaf--distinctive-word.png
118,1607032247673,03/12/2020 21:50:47,1607032247622,0,03/12/2020 21:50:47,30809,12,task-wynt,,8323177,14509,2485111,,complete,,,computer,Desktop or Laptop,Windows 10,Edge 87.0.664.52,1076x673,1435x897,Test finished,Blue A - Study,2,Consent Given,Consented,Test finished,blue_group,Blue,,,blue_A,,,,,,Blue A: study finished,,,,Distractor finished,,,,,,,BlueA-Study-Spreadsheet,BlueA-Study-Spreadsheet,16,56,2,study_stim,buttonA,response_button_image,1312.3650000197813,,,word.png,1,1,0,0,,,,,2,blue_A_study,word.png,leaf--distinctive-word.png
119,1607032248614,03/12/2020 21:50:48,1607032248549,0,03/12/2020 21:50:48,30809,12,task-wynt,,8323177,14509,2485111,,complete,,,computer,Desktop or Laptop,Windows 10,Edge 87.0.664.52,1076x673,1435x897,Test finished,Blue A - Study,2,Consent Given,Consented,Test finished,blue_group,Blue,,,blue_A,,,,,,Blue A: study finished,,,,Distractor finished,,,,,,,BlueA-Study-Spreadsheet,BlueA-Study-Spreadsheet,32,57,1,fixation,fixation,fixation,500.0810000000056,,,,,0,1,0,,,,,2,blue_A_study,drawing.png,flower--grey-drawing.png
120,1607032249836,03/12/2020 21:50:49,1607032249771,0,03/12/2020 21:50:49,30809,12,task-wynt,,8323177,14509,2485111,,complete,,,computer,Desktop or Laptop,Windows 10,Edge 87.0.664.52,1076x673,1435x897,Test finished,Blue A - Study,2,Consent Given,Consented,Test finished,blue_group,Blue,,,blue_A,,,,,,Blue A: study finished,,,,Distractor finished,,,,,,,BlueA-Study-Spreadsheet,BlueA-Study-Spreadsheet,32,57,2,study_stim,Zone2,response_button_image,1208.5100000258535,,,drawing.png,1,1,0,0,,,,,2,blue_A_study,drawing.png,flower--grey-drawing.png
121,1607032250742,03/12/2020 21:50:50,1607032250683,0,03/12/2020 21:50:50,30809,12,task-wynt,,8323177,14509,2485111,,complete,,,computer,Desktop or Laptop,Windows 10,Edge 87.0.664.52,1076x673,1435x897,Test finished,Blue A - Study,2,Consent Given,Consented,Test finished,blue_group,Blue,,,blue_A,,,,,,Blue A: study finished,,,,Distractor finished,,,,,,,BlueA-Study-Spreadsheet,BlueA-Study-Spreadsheet,28,58,1,fixation,fixation,fixation,500.0020000000077,,,,,0,1,0,,,,,2,blue_A_study,drawing.png,comb--grey-drawing.png
122,1607032252027,03/12/2020 21:50:52,1607032251964,0,03/12/2020 21:50:51,30809,12,task-wynt,,8323177,14509,2485111,,complete,,,computer,Desktop or Laptop,Windows 10,Edge 87.0.664.52,1076x673,1435x897,Test finished,Blue A - Study,2,Consent Given,Consented,Test finished,blue_group,Blue,,,blue_A,,,,,,Blue A: study finished,,,,Distractor finished,,,,,,,BlueA-Study-Spreadsheet,BlueA-Study-Spreadsheet,28,58,2,study_stim,Zone2,response_button_image,1263.1950000068173,,,drawing.png,1,1,0,0,,,,,2,blue_A_study,drawing.png,comb--grey-drawing.png
123,1607032252949,03/12/2020 21:50:52,1607032252883,0,03/12/2020 21:50:52,30809,12,task-wynt,,8323177,14509,2485111,,complete,,,computer,Desktop or Laptop,Windows 10,Edge 87.0.664.52,1076x673,1435x897,Test finished,Blue A - Study,2,Consent Given,Consented,Test finished,blue_group,Blue,,,blue_A,,,,,,Blue A: study finished,,,,Distractor finished,,,,,,,BlueA-Study-Spreadsheet,BlueA-Study-Spreadsheet,9,59,1,fixation,fixation,fixation,499.9910000000091,,,,,0,1,0,,,,,2,blue_A_study,word.png,lock--grey-word.png
124,1607032254159,03/12/2020 21:50:54,1607032254076,0,03/12/2020 21:50:54,30809,12,task-wynt,,8323177,14509,2485111,,complete,,,computer,Desktop or Laptop,Windows 10,Edge 87.0.664.52,1076x673,1435x897,Test finished,Blue A - Study,2,Consent Given,Consented,Test finished,blue_group,Blue,,,blue_A,,,,,,Blue A: study finished,,,,Distractor finished,,,,,,,BlueA-Study-Spreadsheet,BlueA-Study-Spreadsheet,9,59,2,study_stim,buttonA,response_button_image,1182.970000023488,,,word.png,1,1,0,0,,,,,2,blue_A_study,word.png,lock--grey-word.png
125,1607032255066,03/12/2020 21:50:55,1607032255000,0,03/12/2020 21:50:55,30809,12,task-wynt,,8323177,14509,2485111,,complete,,,computer,Desktop or Laptop,Windows 10,Edge 87.0.664.52,1076x673,1435x897,Test finished,Blue A - Study,2,Consent Given,Consented,Test finished,blue_group,Blue,,,blue_A,,,,,,Blue A: study finished,,,,Distractor finished,,,,,,,BlueA-Study-Spreadsheet,BlueA-Study-Spreadsheet,24,60,1,fixation,fixation,fixation,500.06700000001,,,,,0,1,0,,,,,2,blue_A_study,drawing.png,lamp--grey-drawing.png
126,1607032256300,03/12/2020 21:50:56,1607032256202,0,03/12/2020 21:50:56,30809,12,task-wynt,,8323177,14509,2485111,,complete,,,computer,Desktop or Laptop,Windows 10,Edge 87.0.664.52,1076x673,1435x897,Test finished,Blue A - Study,2,Consent Given,Consented,Test finished,blue_group,Blue,,,blue_A,,,,,,Blue A: study finished,,,,Distractor finished,,,,,,,BlueA-Study-Spreadsheet,BlueA-Study-Spreadsheet,24,60,2,study_stim,Zone2,response_button_image,1187.065000005532,,,drawing.png,1,1,0,0,,,,,2,blue_A_study,drawing.png,lamp--grey-drawing.png
127,1607032257128,03/12/2020 21:50:57,1607032257066,0,03/12/2020 21:50:57,30809,12,task-wynt,,8323177,14509,2485111,,complete,,,computer,Desktop or Laptop,Windows 10,Edge 87.0.664.52,1076x673,1435x897,Test finished,Blue A - Study,2,Consent Given,Consented,Test finished,blue_group,Blue,,,blue_A,,,,,,Blue A: study finished,,,,Distractor finished,,,,,,,BlueA-Study-Spreadsheet,BlueA-Study-Spreadsheet,65,1,1,filler_end_fixation,fixation,fixation,450.0480000000098,,,,,0,1,0,,,,,3,blue_A_study_filler_end,photo.png,ashtray--grey-photo.png
128,1607032258347,03/12/2020 21:50:58,1607032258276,0,03/12/2020 21:50:58,30809,12,task-wynt,,8323177,14509,2485111,,complete,,,computer,Desktop or Laptop,Windows 10,Edge 87.0.664.52,1076x673,1435x897,Test finished,Blue A - Study,2,Consent Given,Consented,Test finished,blue_group,Blue,,,blue_A,,,,,,Blue A: study finished,,,,Distractor finished,,,,,,,BlueA-Study-Spreadsheet,BlueA-Study-Spreadsheet,65,1,2,filler_end_stim,Zone1,response_button_image,1199.0050000022165,,,photo.png,1,1,0,0,,,,,3,blue_A_study_filler_end,photo.png,ashtray--grey-photo.png
129,1607032259207,03/12/2020 21:50:59,1607032259150,0,03/12/2020 21:50:59,30809,12,task-wynt,,8323177,14509,2485111,,complete,,,computer,Desktop or Laptop,Windows 10,Edge 87.0.664.52,1076x673,1435x897,Test finished,Blue A - Study,2,Consent Given,Consented,Test finished,blue_group,Blue,,,blue_A,,,,,,Blue A: study finished,,,,Distractor finished,,,,,,,BlueA-Study-Spreadsheet,BlueA-Study-Spreadsheet,64,2,1,filler_end_fixation,fixation,fixation,450.07200000001467,,,,,0,1,0,,,,,3,blue_A_study_filler_end,word.png,broom--distinctive-word.png
130,1607032260660,03/12/2020 21:51:00,1607032260598,0,03/12/2020 21:51:00,30809,12,task-wynt,,8323177,14509,2485111,,complete,,,computer,Desktop or Laptop,Windows 10,Edge 87.0.664.52,1076x673,1435x897,Test finished,Blue A - Study,2,Consent Given,Consented,Test finished,blue_group,Blue,,,blue_A,,,,,,Blue A: study finished,,,,Distractor finished,,,,,,,BlueA-Study-Spreadsheet,BlueA-Study-Spreadsheet,64,2,2,filler_end_stim,buttonA,response_button_image,1432.8500000410713,,,word.png,1,1,0,0,,,,,3,blue_A_study_filler_end,word.png,broom--distinctive-word.png
131,1607032261162,03/12/2020 21:51:01,1607032261021,0,03/12/2020 21:51:01,30809,12,task-wynt,,8323177,14509,2485111,,complete,,,computer,Desktop or Laptop,Windows 10,Edge 87.0.664.52,1076x673,1435x897,Test finished,Blue A - Study,2,Consent Given,Consented,Test finished,blue_group,Blue,,,blue_A,,,,,,Blue A: study finished,,,,Distractor finished,,,,,,,BlueA-Study-Spreadsheet,,,END TASK,,,,,164872,,,,,0,1,0,,,,,,,,
END OF FILE
