Item,Image source
ashtray1,https://unsplash.com/photos/ui8jGS3FJkI
ashtray2,https://cdn.pixabay.com/photo/2015/01/09/11/24/ashtray-594154_1280.jpg
ashtray3,https://cdn.pixabay.com/photo/2016/04/20/13/40/ashtray-1341199_1280.jpg
bell1,https://images.pexels.com/photos/633497/pexels-photo-633497.jpeg?auto=compress&cs=tinysrgb&dpr=2&h=750&w=1260
bell2,https://free-images.com/lg/4a31/bell_church_ring_chapel.jpg
bell3,https://free-images.com/lg/1464/bells_temple_bells_temple.jpg
boot1,https://free-images.com/lg/6ab3/brown_mens_boots.jpg
boot2,https://images.unsplash.com/photo-1542838776-096d877b5aa2?ixlib=rb-1.2.1&ixid=eyJhcHBfaWQiOjEyMDd9&auto=format&fit=crop&w=1650&q=80
boot3,https://unsplash.com/photos/QosA0iWdEsw
bottle1,https://unsplash.com/photos/AA4eKzQGXRk
bottle2,https://www.pexels.com/photo/bottle-drinking-glass-wine-glass-40831/
bottle3,https://pixabay.com/photos/glass-a-bottle-of-composition-623803/
bread1,https://pixabay.com/photos/bread-homemade-delicious-baked-4017877/
bread2,https://pixabay.com/photos/long-bread-no-cores-cores-rye-bread-1576179/
bread3,https://pixabay.com/photos/bread-homemade-food-fresh-table-1319583/
candle1,https://unsplash.com/photos/uU_xylcKMoQ
candle2,https://unsplash.com/photos/9UO__Syk5lg
candle3,https://unsplash.com/photos/_OuJbfPC6i8
chair1,https://unsplash.com/photos/R8EaLeUHjNg
chair2,https://unsplash.com/photos/9xpnmt41NKM
chair3,https://pixabay.com/photos/chair-wood-furniture-643246/
clock1,https://www.pexels.com/photo/brown-wooden-framed-clock-showing-2-19-191703/
clock2,https://pixabay.com/photos/time-clock-watch-pendulum-wood-3360517/
clock3,https://unsplash.com/photos/LBx_Jc6in9M
deer1,https://unsplash.com/photos/B8xmtKWLrVo
deer2,https://unsplash.com/photos/mDxafj7gOuI
deer3,https://unsplash.com/photos/wLOcX5GMFnU
duck1,https://www.pexels.com/photo/brown-white-black-duck-162059/
duck2,https://unsplash.com/photos/wNeRmO0Xxmg
duck3,https://unsplash.com/photos/GBFvpWDNsGw
flute1,https://pixabay.com/photos/flute-music-instrument-played-wind-893911/
flute2,https://free-images.com/display/music_irish_flute_music.html
flute3,https://pixabay.com/photos/piano-music-flute-classic-2656397/
foot1,https://www.pexels.com/photo/black-under-amour-sneakers-163535/
foot2,https://upload.wikimedia.org/wikipedia/commons/5/56/Foot_on_white_background.jpg
foot3,https://www.pexels.com/photo/close-up-photography-of-hands-and-feet-1076584/
hand1,https://unsplash.com/photos/TqfrYn9lDSA
hand2,https://www.pexels.com/photo/photo-of-hand-on-wall-1578238/
hand3,https://images.pexels.com/photos/1035598/pexels-photo-1035598.jpeg?cs=srgb&amp%3Bdl=adult-african-america-1035598.jpg&amp%3Bfm=jpg
horse1,https://unsplash.com/photos/Huza8QOO3tc
horse2,https://www.pexels.com/photo/agriculture-animal-close-up-countryside-463735/
horse3,https://pixabay.com/photos/horse-isolated-brown-animal-3108994/
house1,http://www.idesignarch.com/wp-content/uploads/Bellevue-Bungalow_1.jpg
house2,https://unsplash.com/photos/gVG8cRjHF-8
house3,https://unsplash.com/photos/561igiTyvSk
ladder1,https://pixabay.com/photos/head-wooden-ladder-ladder-3282513/
ladder2,https://unsplash.com/photos/_4fN83uC1nA
ladder3,https://www.pexels.com/photo/bookcase-books-bookshop-bookstore-220326/
leaf1,https://unsplash.com/photos/uZxT3njDQYc
leaf2,https://www.pexels.com/photo/close-up-photo-of-maple-leaf-837266/
leaf3,https://www.pexels.com/ja-jp/photo/1640613/
monkey1,https://unsplash.com/photos/3cTt3zw89RU
monkey2,https://unsplash.com/photos/Q7Zhb7jx8Vg
monkey3,https://unsplash.com/photos/7As7miImu8s
nail1,https://www.pexels.com/photo/brown-hammer-near-silver-nail-162644/
nail2,https://www.freeimages.com/photo/nail-1423326
nail3,https://free-images.com/display/metal_nails_steel_metallic.html
orange1,https://pixabay.com/photos/citrus-diet-food-fresh-fruit-2791/
orange2,https://cdn.pixabay.com/photo/2016/03/27/20/02/food-1284047__340.jpg
orange3,https://cdn.pixabay.com/photo/2015/12/21/15/05/mandarine-1102717__340.jpg
peacock1,https://pixabay.com/photos/peacock-turkey-ave-feathers-3485601/
peacock2,https://unsplash.com/photos/g0q4rAG_aEs
peacock3,https://pixabay.com/photos/peacock-bird-nature-peacock-eye-818219/
pear1,https://pixabay.com/photos/fruit-grow-pear-food-desktop-3121966/
pear2,https://pixabay.com/photos/pear-light-shallow-depth-of-field-2228918/
pear3,https://www.freeimages.com/photo/pears-1322881
pepper1,https://unsplash.com/photos/OddJmL-gTCY
pepper2,https://www.pexels.com/photo/food-healthy-vegetables-red-57426/
pepper3,https://pixabay.com/photos/paprika-salad-food-healthy-3212137/
shirt1,https://www.pexels.com/photo/man-in-white-and-blue-plaid-dress-shirt-769749/
shirt2,https://free-images.com/display/shirts_things_top_view.html
shirt3,https://unsplash.com/photos/eSO7_yNJ33E
skunk1,https://pixabay.com/photos/skunk-wildlife-portrait-walking-1239764/
skunk2,https://www.shutterstock.com/image-photo/spotted-skunk-standing-on-back-legs-651828148
skunk3,https://www.shutterstock.com/image-photo/spotted-skunk-on-white-background-651828130
sockss1,https://pixabay.com/photos/datang-socks-black-stripes-woman-1495918/
sockss2,https://pixabay.com/photos/sockss-two-grey-deep-wool-woolen-1157528/
sockss3,http://static.freepik.com/free-photo/socks_2922363.jpg
thimble1,https://pixabay.com/photos/thimble-sewing-seamstress-weaving-2108886/
thimble2,https://pixabay.com/de/photos/couture-n%C3%A4hen-fingerhut-draht-1369917/
thimble3,http://cdn2.freepik.com/image/th/2303334.jpg
thumb1,https://cdn.pixabay.com/photo/2014/08/20/15/35/thumb-422558__180.jpg
thumb2,https://pixabay.com/photos/fingers-gesture-hand-thumbs-up-1867478/
thumb3,https://www.freepik.com/free-photo/happy-african-man-showing-thumbs-up_2911070.htm#page=1&query=thumb%20african&position=21
whistle1,https://pixabay.com/sv/photos/handen-tummen-upp-tecken-m%C3%A4nskliga-166442/
whistle2,https://simumak.com/images/HomeSoluciones7.jpg
whistle3,https://www.shutterstock.com/image-photo/silver-sports-whistle-pea-isolated-on-99723956
zebra1,http://pngimg.com/download/8963
zebra2,https://www.pexels.com/photo/selective-focus-photography-of-zebra-750539/
zebra3,https://pixabay.com/photos/zebra-chapman-burchell-s-zebra-1491253/
table1,https://unsplash.com/photos/-rXDAVb7tvA
table2,https://free-images.com/display/table_chairs_taverna_restaurant.html
table3,https://www.pexels.com/photo/coffee-table-beside-shelves-of-books-2079452/
vest1,https://www.pexels.com/photo/woman-holding-gray-hat-1537502/
vest2,https://pixabay.com/photos/suit-vest-men-s-match-2737910/
vest3,https://free-images.com/display/businessman_fashion_man_person.html
onion1,https://www.pexels.com/photo/red-brown-white-and-purple-onions-and-garlic-displayed-159250/
onion2,https://pixabay.com/photos/onion-bulbs-food-fresh-healthy-84722/
onion3,https://pixabay.com/photos/closeup-close-up-colour-cook-1238405/
violin1,https://unsplash.com/photos/kYxIv6TjXLo
violin2,https://pixabay.com/photos/violin-music-instrument-1638742/
violin3,https://www.pexels.com/photo/acoustic-bowed-string-instrument-bowed-stringed-instrument-classical-462447/
apple1,https://unsplash.com/photos/l9oA-MIbUvc
apple2,https://unsplash.com/photos/GbY8Xg5iTOA
apple3,https://www.pexels.com/photo/healthy-apple-fruits-natural-102104/
belt1,https://pixabay.com/photos/belts-belt-buckle-leather-belt-2735438/
belt2,https://pixabay.com/photos/belt-belt-buckle-metal-leather-139757/
belt3,https://pixabay.com/photos/belt-brown-leather-2146914/
bicycle1,https://unsplash.com/photos/TTJNeS4th34
bicycle2,https://unsplash.com/photos/tG36rvCeqng
bicycle3,https://free-images.com/display/bicycle_city_stockholm_260411.html
cake1,https://unsplash.com/photos/enVg_Vtsw1c
cake2,https://unsplash.com/photos/6SHd7Q-l1UQ
cake3,https://pixabay.com/photos/cake-sweet-food-bakery-dessert-727854/
carrot1,https://unsplash.com/photos/wvCNxhERU3Y
carrot2,https://pixabay.com/photos/carrots-carrot-tops-vegetable-1112020/
carrot3,https://pixabay.com/photos/carrot-leaf-flora-nature-vegetable-3179988/
celery1,https://www.pexels.com/photo/green-celery-carrots-and-pepper-flakes-garlic-34494/
celery2,https://pixabay.com/photos/celery-vegetables-vegetable-green-692867/
celery3,https://pixabay.com/photos/celery-vegetables-healthy-vitamins-74333/
cloud1,https://unsplash.com/photos/bGlH3TIzGGE
cloud2,https://www.pexels.com/photo/atmosphere-blue-blue-sky-cloud-216631/
cloud3,https://www.pexels.com/photo/air-atmosphere-background-beautiful-479333/
crown1,https://pixabay.com/photos/crown-kings-bavaria-germany-europe-759296/
crown2,https://pixabay.com/photos/king-crown-history-romania-1304612/
crown3,https://morguefile.com/p/1098037
donkey1,https://pixabay.com/photos/donkey-colt-grey-ride-horses-2653298/
donkey2,https://pixabay.com/photos/dwarf-donkey-donkey-beast-of-burden-3728449/
donkey3,https://pixabay.com/photos/donkey-animal-farm-mammal-domestic-316467/
door1,https://unsplash.com/photos/ABL6vCKYKNQ
door2,https://unsplash.com/photos/RodWueEuIfk
door3,https://pixabay.com/photos/door-contemporary-within-wall-3036579/
dresser1,https://www.shutterstock.com/image-photo/wooden-dresser-isolated-on-white-chest-617721857
dresser2,https://www.shutterstock.com/image-photo/four-drawers-modern-dresser-isolated-on-437085094
dresser3,https://www.shutterstock.com/image-photo/old-vintage-antique-chest-drawers-mahogany-307299242
flower1,https://unsplash.com/photos/EfhCUc_fjrU
flower2,https://unsplash.com/photos/GqPhbmoLUIs
flower3,https://www.pexels.com/photo/shallow-focus-photography-of-white-daisy-1028705/
glasses1,https://unsplash.com/photos/fAVhvFVrt2U
glasses2,https://www.pexels.com/photo/black-framed-clubmaster-style-eyeglasses-131018/
glasses3,https://www.pexels.com/photo/brown-framed-eyeglasses-947885/
goat1,https://www.pexels.com/photo/nature-animal-creature-goat-37910/
goat2,https://pixabay.com/photos/goat-billy-goat-goatee-goat-buck-1803931/
goat3,https://pixabay.com/photos/goat-horns-animal-mammals-2378000/
hammer1,https://unsplash.com/photos/IClZBVw5W5A
hammer2,https://www.pexels.com/photo/photo-of-gray-and-black-curve-claw-hammer-1166385/
hammer3,https://pixabay.com/photos/claw-hammer-hammer-tool-2202195/
iron1,https://www.pexels.com/photo/green-white-philips-iron-53422/
iron2,https://www.pexels.com/photo/iron-small-appliances-home-appliances-59980/
iron3,https://pixabay.com/photos/iron-old-house-work-budget-3215788/
lemon1,https://unsplash.com/photos/KzDKyDi8wos
lemon2,https://www.pexels.com/photo/photo-of-yellow-lemon-on-gray-surface-952365/
lemon3,https://www.pexels.com/photo/close-up-photography-of-lemons-1414122/
lock1,https://www.pexels.com/photo/close-up-door-golden-keyhole-67537/
lock2,https://www.pexels.com/photo/close-up-photo-of-padlock-hanging-on-chain-link-fence-1806043/
lock3,https://pixabay.com/photos/padlock-lock-chain-key-security-597495/
moon1,https://unsplash.com/photos/TRXSkmJb40c
moon2,https://unsplash.com/photos/Dc3YQuyr2pU
moon3,https://unsplash.com/photos/8u5UkFaHe9s
nose1,https://pixabay.com/photos/woman-model-sister-beautiful-scarf-2322776/
nose2,https://images.pexels.com/photos/2813027/pexels-photo-2813027.jpeg?auto=compress&cs=tinysrgb&dpr=1&w=500
nose3,https://unsplash.com/photos/dya-QyN-dE8
pencil1,https://www.pexels.com/photo/blank-empty-envelope-paper-236713/
pencil2,https://unsplash.com/photos/3BgkveM3y_k
pencil3,https://www.pexels.com/photo/white-notes-beside-a-pencil-on-brown-wooden-surface-733854/
penguin1,https://unsplash.com/photos/eA_Da4OfNTU
penguin2,https://www.pexels.com/photo/animal-beaks-bird-cold-209096/
penguin3,https://pixabay.com/photos/penguin-bird-arctic-zoo-animal-2630530/
piano1,https://pixabay.com/photos/piano-grand-piano-black-instrument-179726/
piano2,https://pixabay.com/photos/wing-piano-bechstein-grand-piano-2538035/
piano3,https://free-images.com/display/piano_andres_bello.html
pipe1,https://unsplash.com/photos/N3nFwJkR9jE
pipe2,https://pixabay.com/photos/smoking-pipe-tobacco-tube-smoking-3081720/
pipe3,https://pixabay.com/photos/pipe-brown-canvas-old-design-2193716/
ring1,https://pixabay.com/photos/engagement-ring-wedding-ring-2093824/
ring2,https://pixabay.com/photos/ring-pearl-gold-shine-jewelry-3030338/
ring3,https://pixabay.com/photos/wedding-ring-ring-silver-2541888/
seal1,https://pixabay.com/photos/seal-gray-seal-crawling-animals-3997128/
seal2,https://pixabay.com/photos/seal-beach-animal-sea-marine-597838/
seal3,https://unsplash.com/photos/3yMlp-x9yDU
spider1,https://unsplash.com/photos/x2dJcfCNO1A
spider2,https://www.pexels.com/photo/nature-outside-insect-macro-65596/
spider3,https://www.pexels.com/photo/arachnid-close-up-creepy-hairy-599276/
train1,https://unsplash.com/photos/GHWVZvGCEuA
train2,https://unsplash.com/photos/iz7ypXtliMU
train3,https://unsplash.com/photos/7KKQG0eB_TI
watch1,https://unsplash.com/photos/AtXt2oLqYns
watch2,https://unsplash.com/photos/ccncRDICVNk
watch3,https://www.pexels.com/photo/analog-watch-blur-classic-close-up-236915/
window1,https://unsplash.com/photos/Aqfpqx46ITI
window2,https://unsplash.com/photos/4gRNmhGzYZE
window3,https://unsplash.com/photos/bakx-4TJaiM
chisel1,https://pixabay.com/photos/tools-work-repair-hammer-2145771/
chisel2,https://free-images.com/display/hoggjern_spikeruttrekker.html
chisel3,https://free-images.com/display/dluta_plaskie_001.html
raccoon1,https://unsplash.com/photos/5elT6kXSDmQ
raccoon2,https://pixabay.com/photos/raccoon-animal-wildlife-forest-1905528/
raccoon3,https://www.freeimages.com/photo/rabid-raccoon-1309083
stool1,https://pixabay.com/photos/stool-stand-ladder-books-get-963179/
stool2,https://www.freeimages.com/photo/wooden-stool-1417502
stool3,https://www.pexels.com/photo/round-red-and-beige-bar-stool-near-wall-2180883/
brush1,https://pixabay.com/photos/symbolic-wealth-money-like-dirt-3156550/
brush2,https://www.pexels.com/photo/brush-shoe-brush-wooden-brush-scrubber-45059/
brush3,https://free-images.com/display/brush_goat_hair_brush_0.html
plug1,https://pixabay.com/photos/outlet-electricity-electric-plug-1329193/
plug2,https://pixabay.com/photos/nema-ac-power-plugs-2202272/
plug3,https://free-images.com/display/socksets_plug_electric_plug.html
balloon1,https://unsplash.com/photos/vt-pyIdkvIU
balloon2,https://unsplash.com/photos/slpibXIhizI
balloon3,https://www.pexels.com/photo/closeup-photography-of-two-teal-and-three-pink-inflated-balloons-1851361/
basket1,https://unsplash.com/photos/qG37GMUDAJ0
basket2,https://www.pexels.com/photo/basket-brick-wall-bricks-checkered-274050/
basket3,https://unsplash.com/photos/yl4n914GQV8
beetle1,https://www.pexels.com/photo/green-metallic-beetle-on-hand-70061/
beetle2,https://www.pexels.com/photo/macro-photo-of-black-common-ground-beetle-1114289/
beetle3,https://www.pexels.com/photo/black-bug-on-leaf-1104960/
bowl1,https://free-images.com/display/bowl_dish_yellow_ceramic.html
bowl2,https://unsplash.com/photos/Mz__0nr1AM8
bowl3,https://www.pexels.com/photo/focused-photography-of-blue-ceramic-bowl-951340/
camel1,https://pixabay.com/photos/saudi-arabia-desert-camel-95500/
camel2,https://unsplash.com/photos/ZoFqI22L5f8
camel3,https://unsplash.com/photos/iYfGDUEJvO0
chicken1,https://unsplash.com/photos/KtB6rFi_iaM
chicken2,https://www.pexels.com/photo/selective-focus-photography-of-white-hen-1405930/
chicken3,https://www.pexels.com/photo/photo-of-chicken-1562389/
swan1,https://www.pexels.com/photo/nature-water-animal-river-38248/
swan2,https://unsplash.com/photos/VLoU-CbYjis
swan3,https://www.pexels.com/photo/reflection-of-swan-on-body-of-water-59816/
comb1,https://morguefile.com/p/93824
comb2,https://unsplash.com/photos/500suyTCSuw
comb3,https://free-images.com/display/scissors_comb_barber_beauty.html
corn1,https://www.pexels.com/photo/agriculture-bright-cereal-close-up-547263/
corn2,https://www.pexels.com/photo/agriculture-beans-corn-food-142520/
corn3,https://pixabay.com/photos/vegetable-corn-cut-out-2489368/
doll1,https://free-images.com/display/doll_toys_handbag_girl.html
doll2,https://free-images.com/display/doll_porcelain_doll_toy_0.html
doll3,https://free-images.com/display/doll_antique_girl_baby.html
dress1,https://www.pexels.com/photo/women-standing-wall-1140907/
dress2,https://www.pexels.com/photo/standing-woman-on-white-snow-1653219/
dress3,https://free-images.com/display/img_3652_w.html
fence1,https://unsplash.com/photos/O9HQGKpGMLw
fence2,https://pixabay.com/photos/fence-wood-fence-fence-element-3238491/
fence3,https://www.shutterstock.com/image-photo/brown-wooden-fence-isolated-on-white-1012998937
guitar1,https://unsplash.com/photos/MEL-jJnm7RQ
guitar2,https://pixabay.com/photos/guitar-music-acoustic-instrument-923229/
guitar3,https://free-images.com/display/acoustic_guitar_guitar_music.html
jacket1,https://unsplash.com/photos/_BDBEP0ePQc
jacket2,https://unsplash.com/photos/ZumF1pEZkoM
jacket3,https://unsplash.com/photos/ifYt0sKdJYk
kettle1,https://www.pexels.com/photo/white-kettle-1921673/
kettle2,https://unsplash.com/photos/zF4IR0QM0IE
kettle3,https://unsplash.com/photos/XZs_iEWF_BM
knife1,https://unsplash.com/photos/_Skvg1Izyxc
knife2,https://pixabay.com/photos/food-fork-knife-table-plate-2803655/
knife3,https://www.pexels.com/photo/brown-biscuit-near-slice-of-butter-on-clear-glass-bowl-162786/
lion1,https://unsplash.com/photos/ZxNKxnR32Ng
lion2,https://pixabay.com/photos/lion-king-of-the-jungle-animal-1200198/
lion3,https://pixabay.com/photos/lion-wild-predator-big-cat-mane-805390/
lobster1,https://pixabay.com/photos/lobster-lobsters-live-food-meal-164479/
lobster2,https://pixabay.com/photos/lobster-cook-food-seafood-healthy-1726627/
lobster3,https://pixabay.com/photos/lobsters-lobster-food-ide-1527602/
mitten1,https://pixabay.com/photos/mittens-gloves-knitted-pels-1177211/
mitten2,https://pixabay.com/photos/mittens-mitten-hot-winter-autumn-3014337/
mitten3,https://morguefile.com/photos/morguefile/1/mittens/pop
needle1,https://unsplash.com/photos/8wDm3cr48Xc
needle2,https://unsplash.com/photos/meIntAXztBw
needle3,https://pixabay.com/photos/needle-cotton-thread-sewing-1306832/
ostrich1,https://pixabay.com/photos/ostrich-male-savannah-feathers-341989/
ostrich2,https://pixabay.com/photos/bouquet-africa-bird-flightless-bird-4032399/
ostrich3,https://pixabay.com/photos/ostriches-bird-bouquet-strauss-3927186/
peach1,https://unsplash.com/photos/rqABly7c9j0
peach2,https://unsplash.com/photos/jVYnBn3M9R0
peach3,https://pixabay.com/photos/fruits-healthy-vitamins-eat-diet-2202431/
potato1,https://unsplash.com/photos/B0s3Xndk6tw
potato2,https://www.pexels.com/photo/yellow-oval-potato-51157/
potato3,https://www.pexels.com/photo/closeup-photo-of-potatoes-162673/
pumpkin1,https://unsplash.com/photos/Q0Etw2PKSZk
pumpkin2,https://www.pexels.com/photo/delicious-food-harvest-ingredients-41964/
pumpkin3,https://www.pexels.com/photo/agriculture-color-fall-farm-265258/
rabbit1,https://unsplash.com/photos/jAEGmXEXR3U
rabbit2,https://unsplash.com/photos/2doHqAw1kuE
rabbit3,https://pixabay.com/photos/rabbit-bunny-pet-cute-isolated-740621/
ruler1,https://unsplash.com/photos/-CtAY9dnZb8
ruler2,https://www.pexels.com/photo/coffee-cup-mug-desk-5251/
ruler3,https://pixabay.com/photos/school-ruler-measure-school-840113/
screw1,https://www.pexels.com/photo/stainless-steel-screw-59994/
screw2,https://morguefile.com/p/650925
screw3,https://free-images.com/display/screws_plugs_equipment_metal.html
sheep1,https://unsplash.com/photos/RGgm5mib8sM
sheep2,https://unsplash.com/photos/F-QwR2auWSk
sheep3,https://unsplash.com/photos/MdFBcEMBytc
shoe1,https://www.pexels.com/photo/close-up-of-shoes-247321/
shoe2,https://pixabay.com/photos/wingtip-dress-shoes-leather-shoes-1684700/
shoe3,https://pixabay.com/photos/shoes-menswear-laces-brown-clothes-2369897/
barrel1,https://pixabay.com/photos/barrel-wine-barrel-wooden-barrels-2632044/
barrel2,https://pixabay.com/photos/whiskey-barrels-barrels-whisky-2611816/
barrel3,https://pixabay.com/photos/barrels-whisky-wooden-barrels-2631415/
turtle1,https://unsplash.com/photos/-R64QTUiG3c
turtle2,https://www.pexels.com/photo/black-tortoise-standing-162307/
turtle3,https://pixabay.com/photos/turtle-isolated-tortoise-panzer-2902628/
frog1,https://unsplash.com/photos/wonpCSUrW4o
frog2,https://www.pexels.com/photo/frog-green-eye-35669/
frog3,https://www.pexels.com/photo/amphibian-animal-beautiful-biology-414224/
tomato1,https://unsplash.com/photos/UD_j10SKj5g
tomato2,https://unsplash.com/photos/ELYahaFAFo8
tomato3,https://www.pexels.com/photo/two-ripe-tomatoes-793266/
anchor1,https://www.freeimages.com/photo/anchor-for-wooden-ship-1450171
anchor2,https://pixabay.com/photos/anchor-rust-erosion-metal-iron-571382/
anchor3,https://pixabay.com/photos/anchor-floor-anchors-water-ship-248608/
banana1,https://unsplash.com/photos/fS_iWTE3Umk
banana2,https://unsplash.com/photos/pFECUXvWaWU
banana3,https://www.pexels.com/photo/fruits-orange-banana-57556/
bear1,https://morguefile.com/p/990525
bear2,https://unsplash.com/photos/hztya2tQqB8
bear3,https://www.pexels.com/photo/nature-animal-bear-teddy-bear-46175/
book1,https://morguefile.com/p/174370
book2,https://free-images.com/display/books_old_book_stack.html
book3,https://free-images.com/display/book_antique_library_old.html
broom1,https://www.freeimages.com/photo/broom-shadow-1490808
broom2,https://www.freeimages.com/photo/broom-1534034
broom3,https://www.freeimages.com/photo/a-broom-1418081
button1,https://www.pexels.com/photo/black-background-bright-button-colors-639479/
button2,https://pixabay.com/photos/thread-blue-button-needle-sewing-1872841/
button3,https://free-images.com/display/buttons_4_holes_red_0.html
cannon1,https://free-images.com/display/cannon_mont_orgueil_castle.html
cannon2,https://free-images.com/display/cannon_cannonballs_history_war.html
cannon3,https://free-images.com/display/cannon_weapon_wheel_gun.html
chain1,https://morguefile.com/p/1024987
chain2,https://morguefile.com/p/956076
chain3,https://unsplash.com/photos/ydhN7dJBVRw
cherry1,https://unsplash.com/photos/INprSEBbfG4
cherry2,https://unsplash.com/photos/4LwWLbFRck4
cherry3,https://www.pexels.com/photo/red-cherry-fruit-768009/
drum1,https://pixabay.com/photos/drums-tools-percussion-music-1696802/
drum2,https://pixabay.com/photos/drums-snare-musical-instrument-322726/
drum3,https://free-images.com/display/boben_snare_zgornji_del.html
eagle1,https://www.pexels.com/photo/depth-of-field-photography-of-white-and-brown-eagle-perching-on-gray-stone-632452/
eagle2,https://unsplash.com/photos/eYCMOvRjpbI
eagle3,https://free-images.com/display/bald_eagle_white_tailed.html
fish1,https://unsplash.com/photos/egSqtHrxKDQ
fish2,https://pixabay.com/photos/fish-swim-water-animal-underwater-3322230/
fish3,https://free-images.com/display/fish_for_dinner.html
giraffe1,https://www.pexels.com/photo/photograph-of-giraffe-1319515/
giraffe2,https://unsplash.com/photos/UqB0TfIdqNE
giraffe3,https://unsplash.com/photos/JRjod5VG0V0
grapes1,https://unsplash.com/photos/QTgOjDCiJEo
grapes2,https://unsplash.com/photos/SxIRJsdHtGo
grapes3,https://morguefile.com/p/1082953
kite1,https://pixabay.com/photos/kite-fly-wind-fun-1159538/
kite2,https://unsplash.com/photos/RGPBLfxs0uA
kite3,https://pixabay.com/photos/kite-blue-sky-2093235/
lamp1,https://unsplash.com/photos/X7aoE7SggcA
lamp2,https://morguefile.com/p/679256
lamp3,https://pixabay.com/photos/night-table-lamp-light-bedside-table-843461/
lips1,https://unsplash.com/photos/yl2rJVuNWFQ
lips2,https://unsplash.com/photos/CDDiTc_gM9U
lips3,https://www.pexels.com/de-de/foto/afroamerikanischer-mann-bart-black-male-blick-2719416/
mouse1,https://pixabay.com/photos/wood-mouse-nager-cute-mouse-rodent-2826216/
mouse2,https://free-images.com/display/mouse_rodent_cute_mammal_3.html
mouse3,https://www.pexels.com/photo/animal-cute-little-mouse-301448/
peanut1,https://www.pexels.com/photo/food-peanuts-shell-healthy-9603/
peanut2,https://www.pexels.com/photo/peanuts-209371/
peanut3,https://pixabay.com/photos/food-nuts-peanut-walnut-1648323/
pliers1,https://pixabay.com/photos/tools-devices-work-craft-allen-379591/
pliers2,https://pixabay.com/photos/old-tools-pliers-tongs-equipment-1355143/
pliers3,https://pixabay.com/photos/pliers-tool-craft-profession-325631/
skirt1,https://unsplash.com/photos/I1fHXAdqQgE
skirt2,https://unsplash.com/photos/MPR8F4-QWjs
skirt3,https://www.pexels.com/photo/dress-elegant-fashion-girl-601316/
snail1,https://unsplash.com/photos/f3aPKwEeraA
snail2,https://unsplash.com/photos/qNcVCcIXcOo
snail3,https://unsplash.com/photos/58a-wW1zURY
spoon1,https://unsplash.com/photos/VCPR2XX8Mvg
spoon2,https://unsplash.com/photos/KejgVx9bVTc
spoon3,https://unsplash.com/photos/wVTtapquBC0
swing1,https://unsplash.com/photos/wU_KFrosSfs
swing2,https://www.pexels.com/photo/photo-of-three-swing-chairs-942543/
swing3,https://www.pexels.com/photo/empty-swing-850427/
tiger1,https://unsplash.com/photos/pp11qw5O44U
tiger2,https://www.pexels.com/photo/amur-tiger-angry-animal-animal-photography-533055/
tiger3,https://www.pexels.com/photo/tiger-standing-on-the-grey-concrete-pavement-162203/
well1,https://pixabay.com/photos/fountain-old-middle-ages-old-well-2643789/
well2,https://pixabay.com/photos/wish-well-wishing-well-wishing-704561/
well3,https://free-images.com/display/sibiel_romania_well_house.html
harp1,https://pixabay.com/photos/harp-plucked-string-instrument-195636/
harp2,https://www.shutterstock.com/image-photo/celtic-irish-harp-classical-traditional-string-773328949
harp3,https://www.shutterstock.com/image-photo/classical-music-instrument-pedal-harp-765451057
flag1,https://unsplash.com/photos/ypbcd9f_Oos
flag2,https://pixabay.com/photos/flag-fly-china-beijing-color-540874/
flag3,https://pixabay.com/photos/red-flag-warning-beach-ocean-3132583/
trumpet1,https://pixabay.com/photos/trumpet-horn-wind-instrument-2878665/
trumpet2,https://pixabay.com/images/download/trumpet-7975.jpg?attachment
trumpet3,https://pixabay.com/photos/trumpet-brass-instrument-music-3883792/
tree1,https://www.pexels.com/photo/night-tree-7130/
tree2,https://morguefile.com/p/1101400
tree3,https://pixabay.com/photos/oak-tree-individually-nature-354641/
pitcher1,https://www.pexels.com/photo/agriculture-animal-blue-sky-breakfast-533307/
pitcher2,https://pixabay.com/photos/lemons-copy-space-food-healthy-2121578/
pitcher3,https://pixabay.com/photos/jug-pitcher-metal-metal-jug-1677576/
snowman1,https://www.pexels.com/photo/photo-of-girl-beside-a-huge-snowman-1797225/
snowman2,https://free-images.com/display/snowman_snow_white_winter_2.html
snowman3,https://free-images.com/display/snowman_winter_snow_frozen.html
snake1,https://www.pexels.com/photo/nature-australia-reptile-snake-106690/
snake2,https://unsplash.com/photos/NOINIvVgyvQ
snake3,https://unsplash.com/photos/jgFBXnK4F_g
toaster1,https://www.pexels.com/photo/white-and-black-two-sliced-bred-toaster-60040/
toaster2,https://www.freeimages.com/photo/colour-toast-1490426
toaster3,https://pixabay.com/photos/kitchen-toaster-kettle-home-874805/