Event Index,UTC Timestamp,UTC Date,Local Timestamp,Local Timezone,Local Date,Experiment ID,Experiment Version,Tree Node Key,Repeat Key,Schedule ID,Participant Public ID,Participant Private ID,Participant Starting Group,Participant Status,Participant Completion Code,Participant External Session ID,Participant Device Type,Participant Device,Participant OS,Participant Browser,Participant Monitor Size,Participant Viewport Size,Checkpoint,Task Name,Task Version,checkpoint-mnac,branch-hilv,checkpoint-d6jh,randomiser-3j42,branch-ebg9,randomiser-6j1g,randomiser-rj7w,randomiser-enay,randomiser-gw7n,checkpoint-ovy2,checkpoint-kb99,checkpoint-c413,checkpoint-cxk8,checkpoint-wd42,checkpoint-xc47,checkpoint-npvz,checkpoint-r3pw,checkpoint-dqyj,checkpoint-ycsm,checkpoint-nzkt,checkpoint-zr6w,checkpoint-t2b4,randomiser-uc11,randomiser-hpp5,randomiser-qhxy,randomiser-vvav,checkpoint-8ver,checkpoint-46lq,checkpoint-ux2g,checkpoint-27wp,Spreadsheet,Spreadsheet Name,Spreadsheet Row,Trial Number,Screen Number,Screen Name,Zone Name,Zone Type,Reaction Time,Reaction Onset,Response Type,Response,Attempt,Correct,Incorrect,Dishonest,X Coordinate,Y Coordinate,Timed Out,randomise_blocks,randomise_trials,display,correct_answer,stim
1,1618847503245,19/04/2021 15:51:43,1618847500647,1,19/04/2021 16:51:40,47727,7,task-1v1k,,12018167,14479,3635699,,complete,,,computer,Desktop or Laptop,Windows 10,Chrome 89.0.4389.128,1366x768,1366x657,Test finished,yellow.study__pics.word,4,Consent Given,Consented,Test finished,yellow,Yellow,,,yellow.order1,,,,,,yellow.order1__finished,,,,Distractor finished,,,,,,,,,,,,,yellow.study__pics.word,,,BEGIN TASK,,,,,,,,,,0,1,0,,,,,,,,
2,1618847505361,19/04/2021 15:51:45,1618847502750,1,19/04/2021 16:51:42,47727,7,task-1v1k,,12018167,14479,3635699,,complete,,,computer,Desktop or Laptop,Windows 10,Chrome 89.0.4389.128,1366x768,1366x657,Test finished,yellow.study__pics.word,4,Consent Given,Consented,Test finished,yellow,Yellow,,,yellow.order1,,,,,,yellow.order1__finished,,,,Distractor finished,,,,,,,,,,,,,yellow.study__pics.word,yellow.study__pics.word,1,1,1,check,script,force_advance,2097.759,,,,,0,1,0,,,,,,fullscreen_check,,
3,1618847505814,19/04/2021 15:51:45,1618847503192,1,19/04/2021 16:51:43,47727,7,task-1v1k,,12018167,14479,3635699,,complete,,,computer,Desktop or Laptop,Windows 10,Chrome 89.0.4389.128,1366x768,1366x768,Test finished,yellow.study__pics.word,4,Consent Given,Consented,Test finished,yellow,Yellow,,,yellow.order1,,,,,,yellow.order1__finished,,,,Distractor finished,,,,,,,,,,,,,yellow.study__pics.word,yellow.study__pics.word,3,1,1,filler_start_fixation,fixation,fixation,449.43600000000015,,,,,0,1,0,,,,,1,yellow.study__pics.word__filler.start,photoplusword.png,dresser--photo-word.png
4,1618847507907,19/04/2021 15:51:47,1618847505362,1,19/04/2021 16:51:45,47727,7,task-1v1k,,12018167,14479,3635699,,complete,,,computer,Desktop or Laptop,Windows 10,Chrome 89.0.4389.128,1366x768,1366x768,Test finished,yellow.study__pics.word,4,Consent Given,Consented,Test finished,yellow,Yellow,,,yellow.order1,,,,,,yellow.order1__finished,,,,Distractor finished,,,,,,,,,,,,,yellow.study__pics.word,yellow.study__pics.word,3,1,2,filler_start_stim,Zone1,response_button_image,2156.7949999589473,,,photoplusword.png,1,1,0,0,,,,,1,yellow.study__pics.word__filler.start,photoplusword.png,dresser--photo-word.png
5,1618847508783,19/04/2021 15:51:48,1618847506222,1,19/04/2021 16:51:46,47727,7,task-1v1k,,12018167,14479,3635699,,complete,,,computer,Desktop or Laptop,Windows 10,Chrome 89.0.4389.128,1366x768,1366x768,Test finished,yellow.study__pics.word,4,Consent Given,Consented,Test finished,yellow,Yellow,,,yellow.order1,,,,,,yellow.order1__finished,,,,Distractor finished,,,,,,,,,,,,,yellow.study__pics.word,yellow.study__pics.word,2,2,1,filler_start_fixation,fixation,fixation,449.549,,,,,0,1,0,,,,,1,yellow.study__pics.word__filler.start,drawingplusword.png,lightbulb--drawing-word.png
6,1618847509987,19/04/2021 15:51:49,1618847507423,1,19/04/2021 16:51:47,47727,7,task-1v1k,,12018167,14479,3635699,,complete,,,computer,Desktop or Laptop,Windows 10,Chrome 89.0.4389.128,1366x768,1366x768,Test finished,yellow.study__pics.word,4,Consent Given,Consented,Test finished,yellow,Yellow,,,yellow.order1,,,,,,yellow.order1__finished,,,,Distractor finished,,,,,,,,,,,,,yellow.study__pics.word,yellow.study__pics.word,2,2,2,filler_start_stim,Zone2,response_button_image,1187.855000142008,,,drawingplusword.png,1,1,0,0,,,,,1,yellow.study__pics.word__filler.start,drawingplusword.png,lightbulb--drawing-word.png
7,1618847510910,19/04/2021 15:51:50,1618847508337,1,19/04/2021 16:51:48,47727,7,task-1v1k,,12018167,14479,3635699,,complete,,,computer,Desktop or Laptop,Windows 10,Chrome 89.0.4389.128,1366x768,1366x768,Test finished,yellow.study__pics.word,4,Consent Given,Consented,Test finished,yellow,Yellow,,,yellow.order1,,,,,,yellow.order1__finished,,,,Distractor finished,,,,,,,,,,,,,yellow.study__pics.word,yellow.study__pics.word,35,1,1,fixation,fixation,fixation,499.48599999999897,,,,,0,1,0,,,,,2,yellow.study__pics.word,photoplusword.png,horse--photo-word.png
8,1618847511838,19/04/2021 15:51:51,1618847509271,1,19/04/2021 16:51:49,47727,7,task-1v1k,,12018167,14479,3635699,,complete,,,computer,Desktop or Laptop,Windows 10,Chrome 89.0.4389.128,1366x768,1366x768,Test finished,yellow.study__pics.word,4,Consent Given,Consented,Test finished,yellow,Yellow,,,yellow.order1,,,,,,yellow.order1__finished,,,,Distractor finished,,,,,,,,,,,,,yellow.study__pics.word,yellow.study__pics.word,35,1,2,study_stim,Zone1,response_button_image,922.4399998784065,,,photoplusword.png,1,1,0,0,,,,,2,yellow.study__pics.word,photoplusword.png,horse--photo-word.png
9,1618847512761,19/04/2021 15:51:52,1618847510185,1,19/04/2021 16:51:50,47727,7,task-1v1k,,12018167,14479,3635699,,complete,,,computer,Desktop or Laptop,Windows 10,Chrome 89.0.4389.128,1366x768,1366x768,Test finished,yellow.study__pics.word,4,Consent Given,Consented,Test finished,yellow,Yellow,,,yellow.order1,,,,,,yellow.order1__finished,,,,Distractor finished,,,,,,,,,,,,,yellow.study__pics.word,yellow.study__pics.word,25,2,1,fixation,fixation,fixation,499.39500000000044,,,,,0,1,0,,,,,2,yellow.study__pics.word,photoplusword.png,camel--photo-word.png
10,1618847513649,19/04/2021 15:51:53,1618847511088,1,19/04/2021 16:51:51,47727,7,task-1v1k,,12018167,14479,3635699,,complete,,,computer,Desktop or Laptop,Windows 10,Chrome 89.0.4389.128,1366x768,1366x768,Test finished,yellow.study__pics.word,4,Consent Given,Consented,Test finished,yellow,Yellow,,,yellow.order1,,,,,,yellow.order1__finished,,,,Distractor finished,,,,,,,,,,,,,yellow.study__pics.word,yellow.study__pics.word,25,2,2,study_stim,Zone1,response_button_image,890.9499999135733,,,photoplusword.png,1,1,0,0,,,,,2,yellow.study__pics.word,photoplusword.png,camel--photo-word.png
11,1618847514555,19/04/2021 15:51:54,1618847512000,1,19/04/2021 16:51:52,47727,7,task-1v1k,,12018167,14479,3635699,,complete,,,computer,Desktop or Laptop,Windows 10,Chrome 89.0.4389.128,1366x768,1366x768,Test finished,yellow.study__pics.word,4,Consent Given,Consented,Test finished,yellow,Yellow,,,yellow.order1,,,,,,yellow.order1__finished,,,,Distractor finished,,,,,,,,,,,,,yellow.study__pics.word,yellow.study__pics.word,8,3,1,fixation,fixation,fixation,499.40799999999945,,,,,0,1,0,,,,,2,yellow.study__pics.word,drawingplusword.png,anchor--drawing-word.png
12,1618847515855,19/04/2021 15:51:55,1618847513079,1,19/04/2021 16:51:53,47727,7,task-1v1k,,12018167,14479,3635699,,complete,,,computer,Desktop or Laptop,Windows 10,Chrome 89.0.4389.128,1366x768,1366x768,Test finished,yellow.study__pics.word,4,Consent Given,Consented,Test finished,yellow,Yellow,,,yellow.order1,,,,,,yellow.order1__finished,,,,Distractor finished,,,,,,,,,,,,,yellow.study__pics.word,yellow.study__pics.word,8,3,2,study_stim,Zone2,response_button_image,1068.985000019893,,,drawingplusword.png,1,1,0,0,,,,,2,yellow.study__pics.word,drawingplusword.png,anchor--drawing-word.png
13,1618847516578,19/04/2021 15:51:56,1618847513998,1,19/04/2021 16:51:53,47727,7,task-1v1k,,12018167,14479,3635699,,complete,,,computer,Desktop or Laptop,Windows 10,Chrome 89.0.4389.128,1366x768,1366x768,Test finished,yellow.study__pics.word,4,Consent Given,Consented,Test finished,yellow,Yellow,,,yellow.order1,,,,,,yellow.order1__finished,,,,Distractor finished,,,,,,,,,,,,,yellow.study__pics.word,yellow.study__pics.word,31,4,1,fixation,fixation,fixation,499.4459999999999,,,,,0,1,0,,,,,2,yellow.study__pics.word,photoplusword.png,drum--photo-word.png
14,1618847517461,19/04/2021 15:51:57,1618847514910,1,19/04/2021 16:51:54,47727,7,task-1v1k,,12018167,14479,3635699,,complete,,,computer,Desktop or Laptop,Windows 10,Chrome 89.0.4389.128,1366x768,1366x768,Test finished,yellow.study__pics.word,4,Consent Given,Consented,Test finished,yellow,Yellow,,,yellow.order1,,,,,,yellow.order1__finished,,,,Distractor finished,,,,,,,,,,,,,yellow.study__pics.word,yellow.study__pics.word,31,4,2,study_stim,Zone1,response_button_image,900.55499994196,,,photoplusword.png,1,1,0,0,,,,,2,yellow.study__pics.word,photoplusword.png,drum--photo-word.png
15,1618847518392,19/04/2021 15:51:58,1618847515830,1,19/04/2021 16:51:55,47727,7,task-1v1k,,12018167,14479,3635699,,complete,,,computer,Desktop or Laptop,Windows 10,Chrome 89.0.4389.128,1366x768,1366x768,Test finished,yellow.study__pics.word,4,Consent Given,Consented,Test finished,yellow,Yellow,,,yellow.order1,,,,,,yellow.order1__finished,,,,Distractor finished,,,,,,,,,,,,,yellow.study__pics.word,yellow.study__pics.word,20,5,1,fixation,fixation,fixation,499.5010000000002,,,,,0,1,0,,,,,2,yellow.study__pics.word,photoplusword.png,zebra--photo-word.png
16,1618847519384,19/04/2021 15:51:59,1618847516824,1,19/04/2021 16:51:56,47727,7,task-1v1k,,12018167,14479,3635699,,complete,,,computer,Desktop or Laptop,Windows 10,Chrome 89.0.4389.128,1366x768,1366x768,Test finished,yellow.study__pics.word,4,Consent Given,Consented,Test finished,yellow,Yellow,,,yellow.order1,,,,,,yellow.order1__finished,,,,Distractor finished,,,,,,,,,,,,,yellow.study__pics.word,yellow.study__pics.word,20,5,2,study_stim,Zone1,response_button_image,982.0400001481175,,,photoplusword.png,1,1,0,0,,,,,2,yellow.study__pics.word,photoplusword.png,zebra--photo-word.png
17,1618847520305,19/04/2021 15:52:00,1618847517744,1,19/04/2021 16:51:57,47727,7,task-1v1k,,12018167,14479,3635699,,complete,,,computer,Desktop or Laptop,Windows 10,Chrome 89.0.4389.128,1366x768,1366x768,Test finished,yellow.study__pics.word,4,Consent Given,Consented,Test finished,yellow,Yellow,,,yellow.order1,,,,,,yellow.order1__finished,,,,Distractor finished,,,,,,,,,,,,,yellow.study__pics.word,yellow.study__pics.word,15,6,1,fixation,fixation,fixation,499.6030000000028,,,,,0,1,0,,,,,2,yellow.study__pics.word,drawingplusword.png,nail--drawing-word.png
18,1618847521173,19/04/2021 15:52:01,1618847518614,1,19/04/2021 16:51:58,47727,7,task-1v1k,,12018167,14479,3635699,,complete,,,computer,Desktop or Laptop,Windows 10,Chrome 89.0.4389.128,1366x768,1366x768,Test finished,yellow.study__pics.word,4,Consent Given,Consented,Test finished,yellow,Yellow,,,yellow.order1,,,,,,yellow.order1__finished,,,,Distractor finished,,,,,,,,,,,,,yellow.study__pics.word,yellow.study__pics.word,15,6,2,study_stim,Zone2,response_button_image,858.9300001040101,,,drawingplusword.png,1,1,0,0,,,,,2,yellow.study__pics.word,drawingplusword.png,nail--drawing-word.png
19,1618847522064,19/04/2021 15:52:02,1618847519510,1,19/04/2021 16:51:59,47727,7,task-1v1k,,12018167,14479,3635699,,complete,,,computer,Desktop or Laptop,Windows 10,Chrome 89.0.4389.128,1366x768,1366x768,Test finished,yellow.study__pics.word,4,Consent Given,Consented,Test finished,yellow,Yellow,,,yellow.order1,,,,,,yellow.order1__finished,,,,Distractor finished,,,,,,,,,,,,,yellow.study__pics.word,yellow.study__pics.word,19,7,1,fixation,fixation,fixation,499.52100000000064,,,,,0,1,0,,,,,2,yellow.study__pics.word,drawingplusword.png,peacock--drawing-word.png
20,1618847522923,19/04/2021 15:52:02,1618847520361,1,19/04/2021 16:52:00,47727,7,task-1v1k,,12018167,14479,3635699,,complete,,,computer,Desktop or Laptop,Windows 10,Chrome 89.0.4389.128,1366x768,1366x768,Test finished,yellow.study__pics.word,4,Consent Given,Consented,Test finished,yellow,Yellow,,,yellow.order1,,,,,,yellow.order1__finished,,,,Distractor finished,,,,,,,,,,,,,yellow.study__pics.word,yellow.study__pics.word,19,7,2,study_stim,Zone2,response_button_image,840.4149999842048,,,drawingplusword.png,1,1,0,0,,,,,2,yellow.study__pics.word,drawingplusword.png,peacock--drawing-word.png
21,1618847523841,19/04/2021 15:52:03,1618847521274,1,19/04/2021 16:52:01,47727,7,task-1v1k,,12018167,14479,3635699,,complete,,,computer,Desktop or Laptop,Windows 10,Chrome 89.0.4389.128,1366x768,1366x768,Test finished,yellow.study__pics.word,4,Consent Given,Consented,Test finished,yellow,Yellow,,,yellow.order1,,,,,,yellow.order1__finished,,,,Distractor finished,,,,,,,,,,,,,yellow.study__pics.word,yellow.study__pics.word,28,8,1,fixation,fixation,fixation,499.4770000000026,,,,,0,1,0,,,,,2,yellow.study__pics.word,photoplusword.png,needle--photo-word.png
22,1618847524903,19/04/2021 15:52:04,1618847522345,1,19/04/2021 16:52:02,47727,7,task-1v1k,,12018167,14479,3635699,,complete,,,computer,Desktop or Laptop,Windows 10,Chrome 89.0.4389.128,1366x768,1366x768,Test finished,yellow.study__pics.word,4,Consent Given,Consented,Test finished,yellow,Yellow,,,yellow.order1,,,,,,yellow.order1__finished,,,,Distractor finished,,,,,,,,,,,,,yellow.study__pics.word,yellow.study__pics.word,28,8,2,study_stim,Zone1,response_button_image,1060.950000071898,,,photoplusword.png,1,1,0,0,,,,,2,yellow.study__pics.word,photoplusword.png,needle--photo-word.png
23,1618847525921,19/04/2021 15:52:05,1618847523272,1,19/04/2021 16:52:03,47727,7,task-1v1k,,12018167,14479,3635699,,complete,,,computer,Desktop or Laptop,Windows 10,Chrome 89.0.4389.128,1366x768,1366x768,Test finished,yellow.study__pics.word,4,Consent Given,Consented,Test finished,yellow,Yellow,,,yellow.order1,,,,,,yellow.order1__finished,,,,Distractor finished,,,,,,,,,,,,,yellow.study__pics.word,yellow.study__pics.word,26,9,1,fixation,fixation,fixation,499.45500000000175,,,,,0,1,0,,,,,2,yellow.study__pics.word,photoplusword.png,ladder--photo-word.png
24,1618847526675,19/04/2021 15:52:06,1618847524125,1,19/04/2021 16:52:04,47727,7,task-1v1k,,12018167,14479,3635699,,complete,,,computer,Desktop or Laptop,Windows 10,Chrome 89.0.4389.128,1366x768,1366x768,Test finished,yellow.study__pics.word,4,Consent Given,Consented,Test finished,yellow,Yellow,,,yellow.order1,,,,,,yellow.order1__finished,,,,Distractor finished,,,,,,,,,,,,,yellow.study__pics.word,yellow.study__pics.word,26,9,2,study_stim,Zone1,response_button_image,841.7899999767542,,,photoplusword.png,1,1,0,0,,,,,2,yellow.study__pics.word,photoplusword.png,ladder--photo-word.png
25,1618847527643,19/04/2021 15:52:07,1618847525037,1,19/04/2021 16:52:05,47727,7,task-1v1k,,12018167,14479,3635699,,complete,,,computer,Desktop or Laptop,Windows 10,Chrome 89.0.4389.128,1366x768,1366x768,Test finished,yellow.study__pics.word,4,Consent Given,Consented,Test finished,yellow,Yellow,,,yellow.order1,,,,,,yellow.order1__finished,,,,Distractor finished,,,,,,,,,,,,,yellow.study__pics.word,yellow.study__pics.word,30,10,1,fixation,fixation,fixation,499.4860000000008,,,,,0,1,0,,,,,2,yellow.study__pics.word,photoplusword.png,goat--photo-word.png
26,1618847528522,19/04/2021 15:52:08,1618847525967,1,19/04/2021 16:52:05,47727,7,task-1v1k,,12018167,14479,3635699,,complete,,,computer,Desktop or Laptop,Windows 10,Chrome 89.0.4389.128,1366x768,1366x768,Test finished,yellow.study__pics.word,4,Consent Given,Consented,Test finished,yellow,Yellow,,,yellow.order1,,,,,,yellow.order1__finished,,,,Distractor finished,,,,,,,,,,,,,yellow.study__pics.word,yellow.study__pics.word,30,10,2,study_stim,Zone1,response_button_image,918.3450001291931,,,photoplusword.png,1,1,0,0,,,,,2,yellow.study__pics.word,photoplusword.png,goat--photo-word.png
27,1618847529491,19/04/2021 15:52:09,1618847526885,1,19/04/2021 16:52:06,47727,7,task-1v1k,,12018167,14479,3635699,,complete,,,computer,Desktop or Laptop,Windows 10,Chrome 89.0.4389.128,1366x768,1366x768,Test finished,yellow.study__pics.word,4,Consent Given,Consented,Test finished,yellow,Yellow,,,yellow.order1,,,,,,yellow.order1__finished,,,,Distractor finished,,,,,,,,,,,,,yellow.study__pics.word,yellow.study__pics.word,4,11,1,fixation,fixation,fixation,499.494999999999,,,,,0,1,0,,,,,2,yellow.study__pics.word,drawingplusword.png,violin--drawing-word.png
28,1618847530335,19/04/2021 15:52:10,1618847527779,1,19/04/2021 16:52:07,47727,7,task-1v1k,,12018167,14479,3635699,,complete,,,computer,Desktop or Laptop,Windows 10,Chrome 89.0.4389.128,1366x768,1366x768,Test finished,yellow.study__pics.word,4,Consent Given,Consented,Test finished,yellow,Yellow,,,yellow.order1,,,,,,yellow.order1__finished,,,,Distractor finished,,,,,,,,,,,,,yellow.study__pics.word,yellow.study__pics.word,4,11,2,study_stim,Zone2,response_button_image,883.1999998074025,,,drawingplusword.png,1,1,0,0,,,,,2,yellow.study__pics.word,drawingplusword.png,violin--drawing-word.png
29,1618847531248,19/04/2021 15:52:11,1618847528701,1,19/04/2021 16:52:08,47727,7,task-1v1k,,12018167,14479,3635699,,complete,,,computer,Desktop or Laptop,Windows 10,Chrome 89.0.4389.128,1366x768,1366x768,Test finished,yellow.study__pics.word,4,Consent Given,Consented,Test finished,yellow,Yellow,,,yellow.order1,,,,,,yellow.order1__finished,,,,Distractor finished,,,,,,,,,,,,,yellow.study__pics.word,yellow.study__pics.word,7,12,1,fixation,fixation,fixation,499.4989999999998,,,,,0,1,0,,,,,2,yellow.study__pics.word,drawingplusword.png,grapes--drawing-word.png
30,1618847532337,19/04/2021 15:52:12,1618847529783,1,19/04/2021 16:52:09,47727,7,task-1v1k,,12018167,14479,3635699,,complete,,,computer,Desktop or Laptop,Windows 10,Chrome 89.0.4389.128,1366x768,1366x768,Test finished,yellow.study__pics.word,4,Consent Given,Consented,Test finished,yellow,Yellow,,,yellow.order1,,,,,,yellow.order1__finished,,,,Distractor finished,,,,,,,,,,,,,yellow.study__pics.word,yellow.study__pics.word,7,12,2,study_stim,Zone2,response_button_image,1069.8150000534952,,,drawingplusword.png,1,1,0,0,,,,,2,yellow.study__pics.word,drawingplusword.png,grapes--drawing-word.png
31,1618847533264,19/04/2021 15:52:13,1618847530698,1,19/04/2021 16:52:10,47727,7,task-1v1k,,12018167,14479,3635699,,complete,,,computer,Desktop or Laptop,Windows 10,Chrome 89.0.4389.128,1366x768,1366x768,Test finished,yellow.study__pics.word,4,Consent Given,Consented,Test finished,yellow,Yellow,,,yellow.order1,,,,,,yellow.order1__finished,,,,Distractor finished,,,,,,,,,,,,,yellow.study__pics.word,yellow.study__pics.word,29,13,1,fixation,fixation,fixation,499.5590000000011,,,,,0,1,0,,,,,2,yellow.study__pics.word,photoplusword.png,iron--photo-word.png
32,1618847534468,19/04/2021 15:52:14,1618847531897,1,19/04/2021 16:52:11,47727,7,task-1v1k,,12018167,14479,3635699,,complete,,,computer,Desktop or Laptop,Windows 10,Chrome 89.0.4389.128,1366x768,1366x768,Test finished,yellow.study__pics.word,4,Consent Given,Consented,Test finished,yellow,Yellow,,,yellow.order1,,,,,,yellow.order1__finished,,,,Distractor finished,,,,,,,,,,,,,yellow.study__pics.word,yellow.study__pics.word,29,13,2,study_stim,Zone1,response_button_image,1186.5650000981987,,,photoplusword.png,1,1,0,0,,,,,2,yellow.study__pics.word,photoplusword.png,iron--photo-word.png
33,1618847535362,19/04/2021 15:52:15,1618847532813,1,19/04/2021 16:52:12,47727,7,task-1v1k,,12018167,14479,3635699,,complete,,,computer,Desktop or Laptop,Windows 10,Chrome 89.0.4389.128,1366x768,1366x768,Test finished,yellow.study__pics.word,4,Consent Given,Consented,Test finished,yellow,Yellow,,,yellow.order1,,,,,,yellow.order1__finished,,,,Distractor finished,,,,,,,,,,,,,yellow.study__pics.word,yellow.study__pics.word,18,14,1,fixation,fixation,fixation,499.4840000000004,,,,,0,1,0,,,,,2,yellow.study__pics.word,drawingplusword.png,comb--drawing-word.png
34,1618847536624,19/04/2021 15:52:16,1618847533999,1,19/04/2021 16:52:13,47727,7,task-1v1k,,12018167,14479,3635699,,complete,,,computer,Desktop or Laptop,Windows 10,Chrome 89.0.4389.128,1366x768,1366x768,Test finished,yellow.study__pics.word,4,Consent Given,Consented,Test finished,yellow,Yellow,,,yellow.order1,,,,,,yellow.order1__finished,,,,Distractor finished,,,,,,,,,,,,,yellow.study__pics.word,yellow.study__pics.word,18,14,2,study_stim,Zone2,response_button_image,1176.594999851659,,,drawingplusword.png,1,1,0,0,,,,,2,yellow.study__pics.word,drawingplusword.png,comb--drawing-word.png
35,1618847537470,19/04/2021 15:52:17,1618847534927,1,19/04/2021 16:52:14,47727,7,task-1v1k,,12018167,14479,3635699,,complete,,,computer,Desktop or Laptop,Windows 10,Chrome 89.0.4389.128,1366x768,1366x768,Test finished,yellow.study__pics.word,4,Consent Given,Consented,Test finished,yellow,Yellow,,,yellow.order1,,,,,,yellow.order1__finished,,,,Distractor finished,,,,,,,,,,,,,yellow.study__pics.word,yellow.study__pics.word,12,15,1,fixation,fixation,fixation,499.4690000000046,,,,,0,1,0,,,,,2,yellow.study__pics.word,drawingplusword.png,lamp--drawing-word.png
36,1618847538694,19/04/2021 15:52:18,1618847536126,1,19/04/2021 16:52:16,47727,7,task-1v1k,,12018167,14479,3635699,,complete,,,computer,Desktop or Laptop,Windows 10,Chrome 89.0.4389.128,1366x768,1366x768,Test finished,yellow.study__pics.word,4,Consent Given,Consented,Test finished,yellow,Yellow,,,yellow.order1,,,,,,yellow.order1__finished,,,,Distractor finished,,,,,,,,,,,,,yellow.study__pics.word,yellow.study__pics.word,12,15,2,study_stim,Zone2,response_button_image,1187.5149998813868,,,drawingplusword.png,1,1,0,0,,,,,2,yellow.study__pics.word,drawingplusword.png,lamp--drawing-word.png
37,1618847539618,19/04/2021 15:52:19,1618847537042,1,19/04/2021 16:52:17,47727,7,task-1v1k,,12018167,14479,3635699,,complete,,,computer,Desktop or Laptop,Windows 10,Chrome 89.0.4389.128,1366x768,1366x768,Test finished,yellow.study__pics.word,4,Consent Given,Consented,Test finished,yellow,Yellow,,,yellow.order1,,,,,,yellow.order1__finished,,,,Distractor finished,,,,,,,,,,,,,yellow.study__pics.word,yellow.study__pics.word,6,16,1,fixation,fixation,fixation,499.5610000000015,,,,,0,1,0,,,,,2,yellow.study__pics.word,drawingplusword.png,hammer--drawing-word.png
38,1618847540291,19/04/2021 15:52:20,1618847537735,1,19/04/2021 16:52:17,47727,7,task-1v1k,,12018167,14479,3635699,,complete,,,computer,Desktop or Laptop,Windows 10,Chrome 89.0.4389.128,1366x768,1366x768,Test finished,yellow.study__pics.word,4,Consent Given,Consented,Test finished,yellow,Yellow,,,yellow.order1,,,,,,yellow.order1__finished,,,,Distractor finished,,,,,,,,,,,,,yellow.study__pics.word,yellow.study__pics.word,6,16,2,study_stim,Zone2,response_button_image,675.1449999865144,,,drawingplusword.png,1,1,0,0,,,,,2,yellow.study__pics.word,drawingplusword.png,hammer--drawing-word.png
39,1618847541210,19/04/2021 15:52:21,1618847538657,1,19/04/2021 16:52:18,47727,7,task-1v1k,,12018167,14479,3635699,,complete,,,computer,Desktop or Laptop,Windows 10,Chrome 89.0.4389.128,1366x768,1366x768,Test finished,yellow.study__pics.word,4,Consent Given,Consented,Test finished,yellow,Yellow,,,yellow.order1,,,,,,yellow.order1__finished,,,,Distractor finished,,,,,,,,,,,,,yellow.study__pics.word,yellow.study__pics.word,13,17,1,fixation,fixation,fixation,499.5369999999966,,,,,0,1,0,,,,,2,yellow.study__pics.word,drawingplusword.png,basket--drawing-word.png
40,1618847541916,19/04/2021 15:52:21,1618847539358,1,19/04/2021 16:52:19,47727,7,task-1v1k,,12018167,14479,3635699,,complete,,,computer,Desktop or Laptop,Windows 10,Chrome 89.0.4389.128,1366x768,1366x768,Test finished,yellow.study__pics.word,4,Consent Given,Consented,Test finished,yellow,Yellow,,,yellow.order1,,,,,,yellow.order1__finished,,,,Distractor finished,,,,,,,,,,,,,yellow.study__pics.word,yellow.study__pics.word,13,17,2,study_stim,Zone2,response_button_image,688.7900000438094,,,drawingplusword.png,1,1,0,0,,,,,2,yellow.study__pics.word,drawingplusword.png,basket--drawing-word.png
41,1618847542820,19/04/2021 15:52:22,1618847540272,1,19/04/2021 16:52:20,47727,7,task-1v1k,,12018167,14479,3635699,,complete,,,computer,Desktop or Laptop,Windows 10,Chrome 89.0.4389.128,1366x768,1366x768,Test finished,yellow.study__pics.word,4,Consent Given,Consented,Test finished,yellow,Yellow,,,yellow.order1,,,,,,yellow.order1__finished,,,,Distractor finished,,,,,,,,,,,,,yellow.study__pics.word,yellow.study__pics.word,14,18,1,fixation,fixation,fixation,499.5110000000059,,,,,0,1,0,,,,,2,yellow.study__pics.word,drawingplusword.png,bowl--drawing-word.png
42,1618847543571,19/04/2021 15:52:23,1618847540977,1,19/04/2021 16:52:20,47727,7,task-1v1k,,12018167,14479,3635699,,complete,,,computer,Desktop or Laptop,Windows 10,Chrome 89.0.4389.128,1366x768,1366x768,Test finished,yellow.study__pics.word,4,Consent Given,Consented,Test finished,yellow,Yellow,,,yellow.order1,,,,,,yellow.order1__finished,,,,Distractor finished,,,,,,,,,,,,,yellow.study__pics.word,yellow.study__pics.word,14,18,2,study_stim,Zone2,response_button_image,695.0550000183284,,,drawingplusword.png,1,1,0,0,,,,,2,yellow.study__pics.word,drawingplusword.png,bowl--drawing-word.png
43,1618847544464,19/04/2021 15:52:24,1618847541904,1,19/04/2021 16:52:21,47727,7,task-1v1k,,12018167,14479,3635699,,complete,,,computer,Desktop or Laptop,Windows 10,Chrome 89.0.4389.128,1366x768,1366x768,Test finished,yellow.study__pics.word,4,Consent Given,Consented,Test finished,yellow,Yellow,,,yellow.order1,,,,,,yellow.order1__finished,,,,Distractor finished,,,,,,,,,,,,,yellow.study__pics.word,yellow.study__pics.word,17,19,1,fixation,fixation,fixation,499.5550000000003,,,,,0,1,0,,,,,2,yellow.study__pics.word,drawingplusword.png,button--drawing-word.png
44,1618847545235,19/04/2021 15:52:25,1618847542671,1,19/04/2021 16:52:22,47727,7,task-1v1k,,12018167,14479,3635699,,complete,,,computer,Desktop or Laptop,Windows 10,Chrome 89.0.4389.128,1366x768,1366x768,Test finished,yellow.study__pics.word,4,Consent Given,Consented,Test finished,yellow,Yellow,,,yellow.order1,,,,,,yellow.order1__finished,,,,Distractor finished,,,,,,,,,,,,,yellow.study__pics.word,yellow.study__pics.word,17,19,2,study_stim,Zone2,response_button_image,755.074999993667,,,drawingplusword.png,1,1,0,0,,,,,2,yellow.study__pics.word,drawingplusword.png,button--drawing-word.png
45,1618847546157,19/04/2021 15:52:26,1618847543586,1,19/04/2021 16:52:23,47727,7,task-1v1k,,12018167,14479,3635699,,complete,,,computer,Desktop or Laptop,Windows 10,Chrome 89.0.4389.128,1366x768,1366x768,Test finished,yellow.study__pics.word,4,Consent Given,Consented,Test finished,yellow,Yellow,,,yellow.order1,,,,,,yellow.order1__finished,,,,Distractor finished,,,,,,,,,,,,,yellow.study__pics.word,yellow.study__pics.word,34,20,1,fixation,fixation,fixation,499.4850000000006,,,,,0,1,0,,,,,2,yellow.study__pics.word,photoplusword.png,piano--photo-word.png
46,1618847547151,19/04/2021 15:52:27,1618847544592,1,19/04/2021 16:52:24,47727,7,task-1v1k,,12018167,14479,3635699,,complete,,,computer,Desktop or Laptop,Windows 10,Chrome 89.0.4389.128,1366x768,1366x768,Test finished,yellow.study__pics.word,4,Consent Given,Consented,Test finished,yellow,Yellow,,,yellow.order1,,,,,,yellow.order1__finished,,,,Distractor finished,,,,,,,,,,,,,yellow.study__pics.word,yellow.study__pics.word,34,20,2,study_stim,Zone1,response_button_image,995.8350001834333,,,photoplusword.png,1,1,0,0,,,,,2,yellow.study__pics.word,photoplusword.png,piano--photo-word.png
47,1618847548080,19/04/2021 15:52:28,1618847545518,1,19/04/2021 16:52:25,47727,7,task-1v1k,,12018167,14479,3635699,,complete,,,computer,Desktop or Laptop,Windows 10,Chrome 89.0.4389.128,1366x768,1366x768,Test finished,yellow.study__pics.word,4,Consent Given,Consented,Test finished,yellow,Yellow,,,yellow.order1,,,,,,yellow.order1__finished,,,,Distractor finished,,,,,,,,,,,,,yellow.study__pics.word,yellow.study__pics.word,27,21,1,fixation,fixation,fixation,499.47499999999854,,,,,0,1,0,,,,,2,yellow.study__pics.word,photoplusword.png,socks--photo-word.png
48,1618847549736,19/04/2021 15:52:29,1618847547180,1,19/04/2021 16:52:27,47727,7,task-1v1k,,12018167,14479,3635699,,complete,,,computer,Desktop or Laptop,Windows 10,Chrome 89.0.4389.128,1366x768,1366x768,Test finished,yellow.study__pics.word,4,Consent Given,Consented,Test finished,yellow,Yellow,,,yellow.order1,,,,,,yellow.order1__finished,,,,Distractor finished,,,,,,,,,,,,,yellow.study__pics.word,yellow.study__pics.word,27,21,2,study_stim,Zone1,response_button_image,1649.1900000255555,,,photoplusword.png,1,1,0,0,,,,,2,yellow.study__pics.word,photoplusword.png,socks--photo-word.png
49,1618847550675,19/04/2021 15:52:30,1618847548099,1,19/04/2021 16:52:28,47727,7,task-1v1k,,12018167,14479,3635699,,complete,,,computer,Desktop or Laptop,Windows 10,Chrome 89.0.4389.128,1366x768,1366x768,Test finished,yellow.study__pics.word,4,Consent Given,Consented,Test finished,yellow,Yellow,,,yellow.order1,,,,,,yellow.order1__finished,,,,Distractor finished,,,,,,,,,,,,,yellow.study__pics.word,yellow.study__pics.word,5,22,1,fixation,fixation,fixation,499.49899999999616,,,,,0,1,0,,,,,2,yellow.study__pics.word,drawingplusword.png,doll--drawing-word.png
50,1618847551517,19/04/2021 15:52:31,1618847548962,1,19/04/2021 16:52:28,47727,7,task-1v1k,,12018167,14479,3635699,,complete,,,computer,Desktop or Laptop,Windows 10,Chrome 89.0.4389.128,1366x768,1366x768,Test finished,yellow.study__pics.word,4,Consent Given,Consented,Test finished,yellow,Yellow,,,yellow.order1,,,,,,yellow.order1__finished,,,,Distractor finished,,,,,,,,,,,,,yellow.study__pics.word,yellow.study__pics.word,5,22,2,study_stim,Zone2,response_button_image,850.3349998500198,,,drawingplusword.png,1,1,0,0,,,,,2,yellow.study__pics.word,drawingplusword.png,doll--drawing-word.png
51,1618847552445,19/04/2021 15:52:32,1618847549880,1,19/04/2021 16:52:29,47727,7,task-1v1k,,12018167,14479,3635699,,complete,,,computer,Desktop or Laptop,Windows 10,Chrome 89.0.4389.128,1366x768,1366x768,Test finished,yellow.study__pics.word,4,Consent Given,Consented,Test finished,yellow,Yellow,,,yellow.order1,,,,,,yellow.order1__finished,,,,Distractor finished,,,,,,,,,,,,,yellow.study__pics.word,yellow.study__pics.word,9,23,1,fixation,fixation,fixation,499.54299999999785,,,,,0,1,0,,,,,2,yellow.study__pics.word,drawingplusword.png,boot--drawing-word.png
52,1618847553213,19/04/2021 15:52:33,1618847550644,1,19/04/2021 16:52:30,47727,7,task-1v1k,,12018167,14479,3635699,,complete,,,computer,Desktop or Laptop,Windows 10,Chrome 89.0.4389.128,1366x768,1366x768,Test finished,yellow.study__pics.word,4,Consent Given,Consented,Test finished,yellow,Yellow,,,yellow.order1,,,,,,yellow.order1__finished,,,,Distractor finished,,,,,,,,,,,,,yellow.study__pics.word,yellow.study__pics.word,9,23,2,study_stim,Zone2,response_button_image,753.0150001402944,,,drawingplusword.png,1,1,0,0,,,,,2,yellow.study__pics.word,drawingplusword.png,boot--drawing-word.png
53,1618847554119,19/04/2021 15:52:34,1618847551561,1,19/04/2021 16:52:31,47727,7,task-1v1k,,12018167,14479,3635699,,complete,,,computer,Desktop or Laptop,Windows 10,Chrome 89.0.4389.128,1366x768,1366x768,Test finished,yellow.study__pics.word,4,Consent Given,Consented,Test finished,yellow,Yellow,,,yellow.order1,,,,,,yellow.order1__finished,,,,Distractor finished,,,,,,,,,,,,,yellow.study__pics.word,yellow.study__pics.word,16,24,1,fixation,fixation,fixation,499.5329999999958,,,,,0,1,0,,,,,2,yellow.study__pics.word,drawingplusword.png,rabbit--drawing-word.png
54,1618847554838,19/04/2021 15:52:34,1618847552265,1,19/04/2021 16:52:32,47727,7,task-1v1k,,12018167,14479,3635699,,complete,,,computer,Desktop or Laptop,Windows 10,Chrome 89.0.4389.128,1366x768,1366x768,Test finished,yellow.study__pics.word,4,Consent Given,Consented,Test finished,yellow,Yellow,,,yellow.order1,,,,,,yellow.order1__finished,,,,Distractor finished,,,,,,,,,,,,,yellow.study__pics.word,yellow.study__pics.word,16,24,2,study_stim,Zone2,response_button_image,693.5150001663715,,,drawingplusword.png,1,1,0,0,,,,,2,yellow.study__pics.word,drawingplusword.png,rabbit--drawing-word.png
55,1618847555817,19/04/2021 15:52:35,1618847553193,1,19/04/2021 16:52:33,47727,7,task-1v1k,,12018167,14479,3635699,,complete,,,computer,Desktop or Laptop,Windows 10,Chrome 89.0.4389.128,1366x768,1366x768,Test finished,yellow.study__pics.word,4,Consent Given,Consented,Test finished,yellow,Yellow,,,yellow.order1,,,,,,yellow.order1__finished,,,,Distractor finished,,,,,,,,,,,,,yellow.study__pics.word,yellow.study__pics.word,24,25,1,fixation,fixation,fixation,499.5370000000039,,,,,0,1,0,,,,,2,yellow.study__pics.word,photoplusword.png,sheep--photo-word.png
56,1618847556817,19/04/2021 15:52:36,1618847554260,1,19/04/2021 16:52:34,47727,7,task-1v1k,,12018167,14479,3635699,,complete,,,computer,Desktop or Laptop,Windows 10,Chrome 89.0.4389.128,1366x768,1366x768,Test finished,yellow.study__pics.word,4,Consent Given,Consented,Test finished,yellow,Yellow,,,yellow.order1,,,,,,yellow.order1__finished,,,,Distractor finished,,,,,,,,,,,,,yellow.study__pics.word,yellow.study__pics.word,24,25,2,study_stim,Zone1,response_button_image,1054.3600001838058,,,photoplusword.png,1,1,0,0,,,,,2,yellow.study__pics.word,photoplusword.png,sheep--photo-word.png
57,1618847557721,19/04/2021 15:52:37,1618847555174,1,19/04/2021 16:52:35,47727,7,task-1v1k,,12018167,14479,3635699,,complete,,,computer,Desktop or Laptop,Windows 10,Chrome 89.0.4389.128,1366x768,1366x768,Test finished,yellow.study__pics.word,4,Consent Given,Consented,Test finished,yellow,Yellow,,,yellow.order1,,,,,,yellow.order1__finished,,,,Distractor finished,,,,,,,,,,,,,yellow.study__pics.word,yellow.study__pics.word,22,26,1,fixation,fixation,fixation,499.5169999999998,,,,,0,1,0,,,,,2,yellow.study__pics.word,photoplusword.png,potato--photo-word.png
58,1618847559336,19/04/2021 15:52:39,1618847556785,1,19/04/2021 16:52:36,47727,7,task-1v1k,,12018167,14479,3635699,,complete,,,computer,Desktop or Laptop,Windows 10,Chrome 89.0.4389.128,1366x768,1366x768,Test finished,yellow.study__pics.word,4,Consent Given,Consented,Test finished,yellow,Yellow,,,yellow.order1,,,,,,yellow.order1__finished,,,,Distractor finished,,,,,,,,,,,,,yellow.study__pics.word,yellow.study__pics.word,22,26,2,study_stim,Zone1,response_button_image,1599.7699999716133,,,photoplusword.png,1,1,0,0,,,,,2,yellow.study__pics.word,photoplusword.png,potato--photo-word.png
59,1618847560262,19/04/2021 15:52:40,1618847557706,1,19/04/2021 16:52:37,47727,7,task-1v1k,,12018167,14479,3635699,,complete,,,computer,Desktop or Laptop,Windows 10,Chrome 89.0.4389.128,1366x768,1366x768,Test finished,yellow.study__pics.word,4,Consent Given,Consented,Test finished,yellow,Yellow,,,yellow.order1,,,,,,yellow.order1__finished,,,,Distractor finished,,,,,,,,,,,,,yellow.study__pics.word,yellow.study__pics.word,33,27,1,fixation,fixation,fixation,499.5130000000063,,,,,0,1,0,,,,,2,yellow.study__pics.word,photoplusword.png,shirt--photo-word.png
60,1618847561345,19/04/2021 15:52:41,1618847558647,1,19/04/2021 16:52:38,47727,7,task-1v1k,,12018167,14479,3635699,,complete,,,computer,Desktop or Laptop,Windows 10,Chrome 89.0.4389.128,1366x768,1366x768,Test finished,yellow.study__pics.word,4,Consent Given,Consented,Test finished,yellow,Yellow,,,yellow.order1,,,,,,yellow.order1__finished,,,,Distractor finished,,,,,,,,,,,,,yellow.study__pics.word,yellow.study__pics.word,33,27,2,study_stim,Zone1,response_button_image,930.8400000445545,,,photoplusword.png,1,1,0,0,,,,,2,yellow.study__pics.word,photoplusword.png,shirt--photo-word.png
61,1618847562127,19/04/2021 15:52:42,1618847559570,1,19/04/2021 16:52:39,47727,7,task-1v1k,,12018167,14479,3635699,,complete,,,computer,Desktop or Laptop,Windows 10,Chrome 89.0.4389.128,1366x768,1366x768,Test finished,yellow.study__pics.word,4,Consent Given,Consented,Test finished,yellow,Yellow,,,yellow.order1,,,,,,yellow.order1__finished,,,,Distractor finished,,,,,,,,,,,,,yellow.study__pics.word,yellow.study__pics.word,32,28,1,fixation,fixation,fixation,499.5269999999946,,,,,0,1,0,,,,,2,yellow.study__pics.word,photoplusword.png,balloon--photo-word.png
62,1618847563036,19/04/2021 15:52:43,1618847560480,1,19/04/2021 16:52:40,47727,7,task-1v1k,,12018167,14479,3635699,,complete,,,computer,Desktop or Laptop,Windows 10,Chrome 89.0.4389.128,1366x768,1366x768,Test finished,yellow.study__pics.word,4,Consent Given,Consented,Test finished,yellow,Yellow,,,yellow.order1,,,,,,yellow.order1__finished,,,,Distractor finished,,,,,,,,,,,,,yellow.study__pics.word,yellow.study__pics.word,32,28,2,study_stim,Zone1,response_button_image,898.659999947995,,,photoplusword.png,1,1,0,0,,,,,2,yellow.study__pics.word,photoplusword.png,balloon--photo-word.png
63,1618847563964,19/04/2021 15:52:43,1618847561402,1,19/04/2021 16:52:41,47727,7,task-1v1k,,12018167,14479,3635699,,complete,,,computer,Desktop or Laptop,Windows 10,Chrome 89.0.4389.128,1366x768,1366x768,Test finished,yellow.study__pics.word,4,Consent Given,Consented,Test finished,yellow,Yellow,,,yellow.order1,,,,,,yellow.order1__finished,,,,Distractor finished,,,,,,,,,,,,,yellow.study__pics.word,yellow.study__pics.word,11,29,1,fixation,fixation,fixation,499.4760000000024,,,,,0,1,0,,,,,2,yellow.study__pics.word,drawingplusword.png,donkey--drawing-word.png
64,1618847564949,19/04/2021 15:52:44,1618847562393,1,19/04/2021 16:52:42,47727,7,task-1v1k,,12018167,14479,3635699,,complete,,,computer,Desktop or Laptop,Windows 10,Chrome 89.0.4389.128,1366x768,1366x768,Test finished,yellow.study__pics.word,4,Consent Given,Consented,Test finished,yellow,Yellow,,,yellow.order1,,,,,,yellow.order1__finished,,,,Distractor finished,,,,,,,,,,,,,yellow.study__pics.word,yellow.study__pics.word,11,29,2,study_stim,Zone2,response_button_image,977.1300000138581,,,drawingplusword.png,1,1,0,0,,,,,2,yellow.study__pics.word,drawingplusword.png,donkey--drawing-word.png
65,1618847565942,19/04/2021 15:52:45,1618847563316,1,19/04/2021 16:52:43,47727,7,task-1v1k,,12018167,14479,3635699,,complete,,,computer,Desktop or Laptop,Windows 10,Chrome 89.0.4389.128,1366x768,1366x768,Test finished,yellow.study__pics.word,4,Consent Given,Consented,Test finished,yellow,Yellow,,,yellow.order1,,,,,,yellow.order1__finished,,,,Distractor finished,,,,,,,,,,,,,yellow.study__pics.word,yellow.study__pics.word,21,30,1,fixation,fixation,fixation,499.5390000000043,,,,,0,1,0,,,,,2,yellow.study__pics.word,photoplusword.png,pear--photo-word.png
66,1618847567261,19/04/2021 15:52:47,1618847564709,1,19/04/2021 16:52:44,47727,7,task-1v1k,,12018167,14479,3635699,,complete,,,computer,Desktop or Laptop,Windows 10,Chrome 89.0.4389.128,1366x768,1366x768,Test finished,yellow.study__pics.word,4,Consent Given,Consented,Test finished,yellow,Yellow,,,yellow.order1,,,,,,yellow.order1__finished,,,,Distractor finished,,,,,,,,,,,,,yellow.study__pics.word,yellow.study__pics.word,21,30,2,study_stim,Zone1,response_button_image,1382.109999889508,,,photoplusword.png,1,1,0,0,,,,,2,yellow.study__pics.word,photoplusword.png,pear--photo-word.png
67,1618847568192,19/04/2021 15:52:48,1618847565631,1,19/04/2021 16:52:45,47727,7,task-1v1k,,12018167,14479,3635699,,complete,,,computer,Desktop or Laptop,Windows 10,Chrome 89.0.4389.128,1366x768,1366x768,Test finished,yellow.study__pics.word,4,Consent Given,Consented,Test finished,yellow,Yellow,,,yellow.order1,,,,,,yellow.order1__finished,,,,Distractor finished,,,,,,,,,,,,,yellow.study__pics.word,yellow.study__pics.word,10,31,1,fixation,fixation,fixation,499.4800000000032,,,,,0,1,0,,,,,2,yellow.study__pics.word,drawingplusword.png,cloud--drawing-word.png
68,1618847569028,19/04/2021 15:52:49,1618847566471,1,19/04/2021 16:52:46,47727,7,task-1v1k,,12018167,14479,3635699,,complete,,,computer,Desktop or Laptop,Windows 10,Chrome 89.0.4389.128,1366x768,1366x768,Test finished,yellow.study__pics.word,4,Consent Given,Consented,Test finished,yellow,Yellow,,,yellow.order1,,,,,,yellow.order1__finished,,,,Distractor finished,,,,,,,,,,,,,yellow.study__pics.word,yellow.study__pics.word,10,31,2,study_stim,Zone2,response_button_image,828.8900000043213,,,drawingplusword.png,1,1,0,0,,,,,2,yellow.study__pics.word,drawingplusword.png,cloud--drawing-word.png
69,1618847569950,19/04/2021 15:52:49,1618847567396,1,19/04/2021 16:52:47,47727,7,task-1v1k,,12018167,14479,3635699,,complete,,,computer,Desktop or Laptop,Windows 10,Chrome 89.0.4389.128,1366x768,1366x768,Test finished,yellow.study__pics.word,4,Consent Given,Consented,Test finished,yellow,Yellow,,,yellow.order1,,,,,,yellow.order1__finished,,,,Distractor finished,,,,,,,,,,,,,yellow.study__pics.word,yellow.study__pics.word,23,32,1,fixation,fixation,fixation,499.4230000000098,,,,,0,1,0,,,,,2,yellow.study__pics.word,photoplusword.png,lobster--photo-word.png
70,1618847570903,19/04/2021 15:52:50,1618847568342,1,19/04/2021 16:52:48,47727,7,task-1v1k,,12018167,14479,3635699,,complete,,,computer,Desktop or Laptop,Windows 10,Chrome 89.0.4389.128,1366x768,1366x768,Test finished,yellow.study__pics.word,4,Consent Given,Consented,Test finished,yellow,Yellow,,,yellow.order1,,,,,,yellow.order1__finished,,,,Distractor finished,,,,,,,,,,,,,yellow.study__pics.word,yellow.study__pics.word,23,32,2,study_stim,Zone1,response_button_image,935.5999999679625,,,photoplusword.png,1,1,0,0,,,,,2,yellow.study__pics.word,photoplusword.png,lobster--photo-word.png
71,1618847571764,19/04/2021 15:52:51,1618847569211,1,19/04/2021 16:52:49,47727,7,task-1v1k,,12018167,14479,3635699,,complete,,,computer,Desktop or Laptop,Windows 10,Chrome 89.0.4389.128,1366x768,1366x768,Test finished,yellow.study__pics.word,4,Consent Given,Consented,Test finished,yellow,Yellow,,,yellow.order1,,,,,,yellow.order1__finished,,,,Distractor finished,,,,,,,,,,,,,yellow.study__pics.word,yellow.study__pics.word,36,1,1,filler_end_fixation,fixation,fixation,449.5789999999979,,,,,0,1,0,,,,,3,yellow.study__pics.word__filler.end,drawingplusword.png,helicopter--drawing-word.png
72,1618847572643,19/04/2021 15:52:52,1618847570082,1,19/04/2021 16:52:50,47727,7,task-1v1k,,12018167,14479,3635699,,complete,,,computer,Desktop or Laptop,Windows 10,Chrome 89.0.4389.128,1366x768,1366x768,Test finished,yellow.study__pics.word,4,Consent Given,Consented,Test finished,yellow,Yellow,,,yellow.order1,,,,,,yellow.order1__finished,,,,Distractor finished,,,,,,,,,,,,,yellow.study__pics.word,yellow.study__pics.word,36,1,2,filler_end_stim,Zone2,response_button_image,861.2649999558926,,,drawingplusword.png,1,1,0,0,,,,,3,yellow.study__pics.word__filler.end,drawingplusword.png,helicopter--drawing-word.png
73,1618847573517,19/04/2021 15:52:53,1618847570959,1,19/04/2021 16:52:50,47727,7,task-1v1k,,12018167,14479,3635699,,complete,,,computer,Desktop or Laptop,Windows 10,Chrome 89.0.4389.128,1366x768,1366x768,Test finished,yellow.study__pics.word,4,Consent Given,Consented,Test finished,yellow,Yellow,,,yellow.order1,,,,,,yellow.order1__finished,,,,Distractor finished,,,,,,,,,,,,,yellow.study__pics.word,yellow.study__pics.word,37,2,1,filler_end_fixation,fixation,fixation,449.47900000000664,,,,,0,1,0,,,,,3,yellow.study__pics.word__filler.end,photoplusword.png,turtle--photo-word.png
74,1618847574423,19/04/2021 15:52:54,1618847571863,1,19/04/2021 16:52:51,47727,7,task-1v1k,,12018167,14479,3635699,,complete,,,computer,Desktop or Laptop,Windows 10,Chrome 89.0.4389.128,1366x768,1366x768,Test finished,yellow.study__pics.word,4,Consent Given,Consented,Test finished,yellow,Yellow,,,yellow.order1,,,,,,yellow.order1__finished,,,,Distractor finished,,,,,,,,,,,,,yellow.study__pics.word,yellow.study__pics.word,37,2,2,filler_end_stim,Zone1,response_button_image,895.1149999629706,,,photoplusword.png,1,1,0,0,,,,,3,yellow.study__pics.word__filler.end,photoplusword.png,turtle--photo-word.png
75,1618847574846,19/04/2021 15:52:54,1618847572294,1,19/04/2021 16:52:52,47727,7,task-1v1k,,12018167,14479,3635699,,complete,,,computer,Desktop or Laptop,Windows 10,Chrome 89.0.4389.128,1366x768,1366x768,Test finished,yellow.study__pics.word,4,Consent Given,Consented,Test finished,yellow,Yellow,,,yellow.order1,,,,,,yellow.order1__finished,,,,Distractor finished,,,,,,,,,,,,,yellow.study__pics.word,,,END TASK,,,,,71648,,,,,0,1,0,,,,,,,,
1,1618911931505,20/04/2021 09:45:31,1618911930194,1,20/04/2021 10:45:30,47727,7,task-1v1k,,12031236,13993,3639286,,complete,,,computer,Desktop or Laptop,Windows 10,Firefox 88.0,2560x1440,2560x1338,Test finished,yellow.study__pics.word,4,Consent Given,Consented,Test finished,yellow,Yellow,,,yellow.order1,,,,,,yellow.order1__finished,,,,Distractor finished,,,,,,,,,,,,,yellow.study__pics.word,,,BEGIN TASK,,,,,,,,,,0,1,0,,,,,,,,
2,1618911933194,20/04/2021 09:45:33,1618911931909,1,20/04/2021 10:45:31,47727,7,task-1v1k,,12031236,13993,3639286,,complete,,,computer,Desktop or Laptop,Windows 10,Firefox 88.0,2560x1440,2560x1338,Test finished,yellow.study__pics.word,4,Consent Given,Consented,Test finished,yellow,Yellow,,,yellow.order1,,,,,,yellow.order1__finished,,,,Distractor finished,,,,,,,,,,,,,yellow.study__pics.word,yellow.study__pics.word,1,1,1,check,script,force_advance,1675.6,,,,,0,1,0,,,,,,fullscreen_check,,
3,1618911933755,20/04/2021 09:45:33,1618911932351,1,20/04/2021 10:45:32,47727,7,task-1v1k,,12031236,13993,3639286,,complete,,,computer,Desktop or Laptop,Windows 10,Firefox 88.0,2560x1440,2560x1440,Test finished,yellow.study__pics.word,4,Consent Given,Consented,Test finished,yellow,Yellow,,,yellow.order1,,,,,,yellow.order1__finished,,,,Distractor finished,,,,,,,,,,,,,yellow.study__pics.word,yellow.study__pics.word,3,1,1,filler_start_fixation,fixation,fixation,444.44000000000005,,,,,0,1,0,,,,,1,yellow.study__pics.word__filler.start,photoplusword.png,dresser--photo-word.png
4,1618911935338,20/04/2021 09:45:35,1618911933971,1,20/04/2021 10:45:33,47727,7,task-1v1k,,12031236,13993,3639286,,complete,,,computer,Desktop or Laptop,Windows 10,Firefox 88.0,2560x1440,2560x1440,Test finished,yellow.study__pics.word,4,Consent Given,Consented,Test finished,yellow,Yellow,,,yellow.order1,,,,,,yellow.order1__finished,,,,Distractor finished,,,,,,,,,,,,,yellow.study__pics.word,yellow.study__pics.word,3,1,2,filler_start_stim,Zone1,response_button_image,1583,,,photoplusword.png,1,1,0,0,,,,,1,yellow.study__pics.word__filler.start,photoplusword.png,dresser--photo-word.png
5,1618911936099,20/04/2021 09:45:36,1618911934845,1,20/04/2021 10:45:34,47727,7,task-1v1k,,12031236,13993,3639286,,complete,,,computer,Desktop or Laptop,Windows 10,Firefox 88.0,2560x1440,2560x1440,Test finished,yellow.study__pics.word,4,Consent Given,Consented,Test finished,yellow,Yellow,,,yellow.order1,,,,,,yellow.order1__finished,,,,Distractor finished,,,,,,,,,,,,,yellow.study__pics.word,yellow.study__pics.word,2,2,1,filler_start_fixation,fixation,fixation,444.46000000000004,,,,,0,1,0,,,,,1,yellow.study__pics.word__filler.start,drawingplusword.png,lightbulb--drawing-word.png
6,1618911937045,20/04/2021 09:45:37,1618911935755,1,20/04/2021 10:45:35,47727,7,task-1v1k,,12031236,13993,3639286,,complete,,,computer,Desktop or Laptop,Windows 10,Firefox 88.0,2560x1440,2560x1440,Test finished,yellow.study__pics.word,4,Consent Given,Consented,Test finished,yellow,Yellow,,,yellow.order1,,,,,,yellow.order1__finished,,,,Distractor finished,,,,,,,,,,,,,yellow.study__pics.word,yellow.study__pics.word,2,2,2,filler_start_stim,Zone2,response_button_image,897,,,drawingplusword.png,1,1,0,0,,,,,1,yellow.study__pics.word__filler.start,drawingplusword.png,lightbulb--drawing-word.png
7,1618911937967,20/04/2021 09:45:37,1618911936688,1,20/04/2021 10:45:36,47727,7,task-1v1k,,12031236,13993,3639286,,complete,,,computer,Desktop or Laptop,Windows 10,Firefox 88.0,2560x1440,2560x1440,Test finished,yellow.study__pics.word,4,Consent Given,Consented,Test finished,yellow,Yellow,,,yellow.order1,,,,,,yellow.order1__finished,,,,Distractor finished,,,,,,,,,,,,,yellow.study__pics.word,yellow.study__pics.word,32,1,1,fixation,fixation,fixation,500,,,,,0,1,0,,,,,2,yellow.study__pics.word,photoplusword.png,balloon--photo-word.png
8,1618911938931,20/04/2021 09:45:38,1618911937676,1,20/04/2021 10:45:37,47727,7,task-1v1k,,12031236,13993,3639286,,complete,,,computer,Desktop or Laptop,Windows 10,Firefox 88.0,2560x1440,2560x1440,Test finished,yellow.study__pics.word,4,Consent Given,Consented,Test finished,yellow,Yellow,,,yellow.order1,,,,,,yellow.order1__finished,,,,Distractor finished,,,,,,,,,,,,,yellow.study__pics.word,yellow.study__pics.word,32,1,2,study_stim,Zone1,response_button_image,978,,,photoplusword.png,1,1,0,0,,,,,2,yellow.study__pics.word,photoplusword.png,balloon--photo-word.png
9,1618911939857,20/04/2021 09:45:39,1618911938607,1,20/04/2021 10:45:38,47727,7,task-1v1k,,12031236,13993,3639286,,complete,,,computer,Desktop or Laptop,Windows 10,Firefox 88.0,2560x1440,2560x1440,Test finished,yellow.study__pics.word,4,Consent Given,Consented,Test finished,yellow,Yellow,,,yellow.order1,,,,,,yellow.order1__finished,,,,Distractor finished,,,,,,,,,,,,,yellow.study__pics.word,yellow.study__pics.word,34,2,1,fixation,fixation,fixation,500,,,,,0,1,0,,,,,2,yellow.study__pics.word,photoplusword.png,piano--photo-word.png
10,1618911940826,20/04/2021 09:45:40,1618911939558,1,20/04/2021 10:45:39,47727,7,task-1v1k,,12031236,13993,3639286,,complete,,,computer,Desktop or Laptop,Windows 10,Firefox 88.0,2560x1440,2560x1440,Test finished,yellow.study__pics.word,4,Consent Given,Consented,Test finished,yellow,Yellow,,,yellow.order1,,,,,,yellow.order1__finished,,,,Distractor finished,,,,,,,,,,,,,yellow.study__pics.word,yellow.study__pics.word,34,2,2,study_stim,Zone1,response_button_image,939,,,photoplusword.png,1,1,0,0,,,,,2,yellow.study__pics.word,photoplusword.png,piano--photo-word.png
11,1618911941757,20/04/2021 09:45:41,1618911940491,1,20/04/2021 10:45:40,47727,7,task-1v1k,,12031236,13993,3639286,,complete,,,computer,Desktop or Laptop,Windows 10,Firefox 88.0,2560x1440,2560x1440,Test finished,yellow.study__pics.word,4,Consent Given,Consented,Test finished,yellow,Yellow,,,yellow.order1,,,,,,yellow.order1__finished,,,,Distractor finished,,,,,,,,,,,,,yellow.study__pics.word,yellow.study__pics.word,27,3,1,fixation,fixation,fixation,501.97999999999956,,,,,0,1,0,,,,,2,yellow.study__pics.word,photoplusword.png,socks--photo-word.png
12,1618911942723,20/04/2021 09:45:42,1618911941469,1,20/04/2021 10:45:41,47727,7,task-1v1k,,12031236,13993,3639286,,complete,,,computer,Desktop or Laptop,Windows 10,Firefox 88.0,2560x1440,2560x1440,Test finished,yellow.study__pics.word,4,Consent Given,Consented,Test finished,yellow,Yellow,,,yellow.order1,,,,,,yellow.order1__finished,,,,Distractor finished,,,,,,,,,,,,,yellow.study__pics.word,yellow.study__pics.word,27,3,2,study_stim,Zone1,response_button_image,968,,,photoplusword.png,1,1,0,0,,,,,2,yellow.study__pics.word,photoplusword.png,socks--photo-word.png
13,1618911943662,20/04/2021 09:45:43,1618911942404,1,20/04/2021 10:45:42,47727,7,task-1v1k,,12031236,13993,3639286,,complete,,,computer,Desktop or Laptop,Windows 10,Firefox 88.0,2560x1440,2560x1440,Test finished,yellow.study__pics.word,4,Consent Given,Consented,Test finished,yellow,Yellow,,,yellow.order1,,,,,,yellow.order1__finished,,,,Distractor finished,,,,,,,,,,,,,yellow.study__pics.word,yellow.study__pics.word,35,4,1,fixation,fixation,fixation,500.0199999999986,,,,,0,1,0,,,,,2,yellow.study__pics.word,photoplusword.png,horse--photo-word.png
14,1618911944619,20/04/2021 09:45:44,1618911943290,1,20/04/2021 10:45:43,47727,7,task-1v1k,,12031236,13993,3639286,,complete,,,computer,Desktop or Laptop,Windows 10,Firefox 88.0,2560x1440,2560x1440,Test finished,yellow.study__pics.word,4,Consent Given,Consented,Test finished,yellow,Yellow,,,yellow.order1,,,,,,yellow.order1__finished,,,,Distractor finished,,,,,,,,,,,,,yellow.study__pics.word,yellow.study__pics.word,35,4,2,study_stim,Zone1,response_button_image,876,,,photoplusword.png,1,1,0,0,,,,,2,yellow.study__pics.word,photoplusword.png,horse--photo-word.png
15,1618911945603,20/04/2021 09:45:45,1618911944220,1,20/04/2021 10:45:44,47727,7,task-1v1k,,12031236,13993,3639286,,complete,,,computer,Desktop or Laptop,Windows 10,Firefox 88.0,2560x1440,2560x1440,Test finished,yellow.study__pics.word,4,Consent Given,Consented,Test finished,yellow,Yellow,,,yellow.order1,,,,,,yellow.order1__finished,,,,Distractor finished,,,,,,,,,,,,,yellow.study__pics.word,yellow.study__pics.word,16,5,1,fixation,fixation,fixation,500,,,,,0,1,0,,,,,2,yellow.study__pics.word,drawingplusword.png,rabbit--drawing-word.png
16,1618911946285,20/04/2021 09:45:46,1618911945043,1,20/04/2021 10:45:45,47727,7,task-1v1k,,12031236,13993,3639286,,complete,,,computer,Desktop or Laptop,Windows 10,Firefox 88.0,2560x1440,2560x1440,Test finished,yellow.study__pics.word,4,Consent Given,Consented,Test finished,yellow,Yellow,,,yellow.order1,,,,,,yellow.order1__finished,,,,Distractor finished,,,,,,,,,,,,,yellow.study__pics.word,yellow.study__pics.word,16,5,2,study_stim,Zone2,response_button_image,811,,,drawingplusword.png,1,1,0,0,,,,,2,yellow.study__pics.word,drawingplusword.png,rabbit--drawing-word.png
17,1618911947228,20/04/2021 09:45:47,1618911945972,1,20/04/2021 10:45:45,47727,7,task-1v1k,,12031236,13993,3639286,,complete,,,computer,Desktop or Laptop,Windows 10,Firefox 88.0,2560x1440,2560x1440,Test finished,yellow.study__pics.word,4,Consent Given,Consented,Test finished,yellow,Yellow,,,yellow.order1,,,,,,yellow.order1__finished,,,,Distractor finished,,,,,,,,,,,,,yellow.study__pics.word,yellow.study__pics.word,7,6,1,fixation,fixation,fixation,500,,,,,0,1,0,,,,,2,yellow.study__pics.word,drawingplusword.png,grapes--drawing-word.png
18,1618911948254,20/04/2021 09:45:48,1618911947003,1,20/04/2021 10:45:47,47727,7,task-1v1k,,12031236,13993,3639286,,complete,,,computer,Desktop or Laptop,Windows 10,Firefox 88.0,2560x1440,2560x1440,Test finished,yellow.study__pics.word,4,Consent Given,Consented,Test finished,yellow,Yellow,,,yellow.order1,,,,,,yellow.order1__finished,,,,Distractor finished,,,,,,,,,,,,,yellow.study__pics.word,yellow.study__pics.word,7,6,2,study_stim,Zone2,response_button_image,1020,,,drawingplusword.png,1,1,0,0,,,,,2,yellow.study__pics.word,drawingplusword.png,grapes--drawing-word.png
19,1618911949200,20/04/2021 09:45:49,1618911947939,1,20/04/2021 10:45:47,47727,7,task-1v1k,,12031236,13993,3639286,,complete,,,computer,Desktop or Laptop,Windows 10,Firefox 88.0,2560x1440,2560x1440,Test finished,yellow.study__pics.word,4,Consent Given,Consented,Test finished,yellow,Yellow,,,yellow.order1,,,,,,yellow.order1__finished,,,,Distractor finished,,,,,,,,,,,,,yellow.study__pics.word,yellow.study__pics.word,12,7,1,fixation,fixation,fixation,500,,,,,0,1,0,,,,,2,yellow.study__pics.word,drawingplusword.png,lamp--drawing-word.png
20,1618911949859,20/04/2021 09:45:49,1618911948603,1,20/04/2021 10:45:48,47727,7,task-1v1k,,12031236,13993,3639286,,complete,,,computer,Desktop or Laptop,Windows 10,Firefox 88.0,2560x1440,2560x1440,Test finished,yellow.study__pics.word,4,Consent Given,Consented,Test finished,yellow,Yellow,,,yellow.order1,,,,,,yellow.order1__finished,,,,Distractor finished,,,,,,,,,,,,,yellow.study__pics.word,yellow.study__pics.word,12,7,2,study_stim,Zone2,response_button_image,652,,,drawingplusword.png,1,1,0,0,,,,,2,yellow.study__pics.word,drawingplusword.png,lamp--drawing-word.png
21,1618911950801,20/04/2021 09:45:50,1618911949539,1,20/04/2021 10:45:49,47727,7,task-1v1k,,12031236,13993,3639286,,complete,,,computer,Desktop or Laptop,Windows 10,Firefox 88.0,2560x1440,2560x1440,Test finished,yellow.study__pics.word,4,Consent Given,Consented,Test finished,yellow,Yellow,,,yellow.order1,,,,,,yellow.order1__finished,,,,Distractor finished,,,,,,,,,,,,,yellow.study__pics.word,yellow.study__pics.word,24,8,1,fixation,fixation,fixation,500.02000000000044,,,,,0,1,0,,,,,2,yellow.study__pics.word,photoplusword.png,sheep--photo-word.png
22,1618911951812,20/04/2021 09:45:51,1618911950507,1,20/04/2021 10:45:50,47727,7,task-1v1k,,12031236,13993,3639286,,complete,,,computer,Desktop or Laptop,Windows 10,Firefox 88.0,2560x1440,2560x1440,Test finished,yellow.study__pics.word,4,Consent Given,Consented,Test finished,yellow,Yellow,,,yellow.order1,,,,,,yellow.order1__finished,,,,Distractor finished,,,,,,,,,,,,,yellow.study__pics.word,yellow.study__pics.word,24,8,2,study_stim,Zone1,response_button_image,959,,,photoplusword.png,1,1,0,0,,,,,2,yellow.study__pics.word,photoplusword.png,sheep--photo-word.png
23,1618911952692,20/04/2021 09:45:52,1618911951437,1,20/04/2021 10:45:51,47727,7,task-1v1k,,12031236,13993,3639286,,complete,,,computer,Desktop or Laptop,Windows 10,Firefox 88.0,2560x1440,2560x1440,Test finished,yellow.study__pics.word,4,Consent Given,Consented,Test finished,yellow,Yellow,,,yellow.order1,,,,,,yellow.order1__finished,,,,Distractor finished,,,,,,,,,,,,,yellow.study__pics.word,yellow.study__pics.word,20,9,1,fixation,fixation,fixation,501.4399999999987,,,,,0,1,0,,,,,2,yellow.study__pics.word,photoplusword.png,zebra--photo-word.png
24,1618911954369,20/04/2021 09:45:54,1618911953036,1,20/04/2021 10:45:53,47727,7,task-1v1k,,12031236,13993,3639286,,complete,,,computer,Desktop or Laptop,Windows 10,Firefox 88.0,2560x1440,2560x1440,Test finished,yellow.study__pics.word,4,Consent Given,Consented,Test finished,yellow,Yellow,,,yellow.order1,,,,,,yellow.order1__finished,,,,Distractor finished,,,,,,,,,,,,,yellow.study__pics.word,yellow.study__pics.word,20,9,2,study_stim,Zone1,response_button_image,1587,,,photoplusword.png,1,1,0,0,,,,,2,yellow.study__pics.word,photoplusword.png,zebra--photo-word.png
25,1618911955228,20/04/2021 09:45:55,1618911953968,1,20/04/2021 10:45:53,47727,7,task-1v1k,,12031236,13993,3639286,,complete,,,computer,Desktop or Laptop,Windows 10,Firefox 88.0,2560x1440,2560x1440,Test finished,yellow.study__pics.word,4,Consent Given,Consented,Test finished,yellow,Yellow,,,yellow.order1,,,,,,yellow.order1__finished,,,,Distractor finished,,,,,,,,,,,,,yellow.study__pics.word,yellow.study__pics.word,14,10,1,fixation,fixation,fixation,500.02000000000044,,,,,0,1,0,,,,,2,yellow.study__pics.word,drawingplusword.png,bowl--drawing-word.png
26,1618911956138,20/04/2021 09:45:56,1618911954875,1,20/04/2021 10:45:54,47727,7,task-1v1k,,12031236,13993,3639286,,complete,,,computer,Desktop or Laptop,Windows 10,Firefox 88.0,2560x1440,2560x1440,Test finished,yellow.study__pics.word,4,Consent Given,Consented,Test finished,yellow,Yellow,,,yellow.order1,,,,,,yellow.order1__finished,,,,Distractor finished,,,,,,,,,,,,,yellow.study__pics.word,yellow.study__pics.word,14,10,2,study_stim,Zone2,response_button_image,894,,,drawingplusword.png,1,1,0,0,,,,,2,yellow.study__pics.word,drawingplusword.png,bowl--drawing-word.png
27,1618911957454,20/04/2021 09:45:57,1618911955810,1,20/04/2021 10:45:55,47727,7,task-1v1k,,12031236,13993,3639286,,complete,,,computer,Desktop or Laptop,Windows 10,Firefox 88.0,2560x1440,2560x1440,Test finished,yellow.study__pics.word,4,Consent Given,Consented,Test finished,yellow,Yellow,,,yellow.order1,,,,,,yellow.order1__finished,,,,Distractor finished,,,,,,,,,,,,,yellow.study__pics.word,yellow.study__pics.word,23,11,1,fixation,fixation,fixation,500,,,,,0,1,0,,,,,2,yellow.study__pics.word,photoplusword.png,lobster--photo-word.png
28,1618911958185,20/04/2021 09:45:58,1618911956912,1,20/04/2021 10:45:56,47727,7,task-1v1k,,12031236,13993,3639286,,complete,,,computer,Desktop or Laptop,Windows 10,Firefox 88.0,2560x1440,2560x1440,Test finished,yellow.study__pics.word,4,Consent Given,Consented,Test finished,yellow,Yellow,,,yellow.order1,,,,,,yellow.order1__finished,,,,Distractor finished,,,,,,,,,,,,,yellow.study__pics.word,yellow.study__pics.word,23,11,2,study_stim,Zone1,response_button_image,1092,,,photoplusword.png,1,1,0,0,,,,,2,yellow.study__pics.word,photoplusword.png,lobster--photo-word.png
29,1618911959089,20/04/2021 09:45:59,1618911957840,1,20/04/2021 10:45:57,47727,7,task-1v1k,,12031236,13993,3639286,,complete,,,computer,Desktop or Laptop,Windows 10,Firefox 88.0,2560x1440,2560x1440,Test finished,yellow.study__pics.word,4,Consent Given,Consented,Test finished,yellow,Yellow,,,yellow.order1,,,,,,yellow.order1__finished,,,,Distractor finished,,,,,,,,,,,,,yellow.study__pics.word,yellow.study__pics.word,33,12,1,fixation,fixation,fixation,501.9400000000023,,,,,0,1,0,,,,,2,yellow.study__pics.word,photoplusword.png,shirt--photo-word.png
30,1618911960013,20/04/2021 09:46:00,1618911958748,1,20/04/2021 10:45:58,47727,7,task-1v1k,,12031236,13993,3639286,,complete,,,computer,Desktop or Laptop,Windows 10,Firefox 88.0,2560x1440,2560x1440,Test finished,yellow.study__pics.word,4,Consent Given,Consented,Test finished,yellow,Yellow,,,yellow.order1,,,,,,yellow.order1__finished,,,,Distractor finished,,,,,,,,,,,,,yellow.study__pics.word,yellow.study__pics.word,33,12,2,study_stim,Zone1,response_button_image,898,,,photoplusword.png,1,1,0,0,,,,,2,yellow.study__pics.word,photoplusword.png,shirt--photo-word.png
31,1618911960940,20/04/2021 09:46:00,1618911959684,1,20/04/2021 10:45:59,47727,7,task-1v1k,,12031236,13993,3639286,,complete,,,computer,Desktop or Laptop,Windows 10,Firefox 88.0,2560x1440,2560x1440,Test finished,yellow.study__pics.word,4,Consent Given,Consented,Test finished,yellow,Yellow,,,yellow.order1,,,,,,yellow.order1__finished,,,,Distractor finished,,,,,,,,,,,,,yellow.study__pics.word,yellow.study__pics.word,22,13,1,fixation,fixation,fixation,500.02000000000044,,,,,0,1,0,,,,,2,yellow.study__pics.word,photoplusword.png,potato--photo-word.png
32,1618911962206,20/04/2021 09:46:02,1618911960587,1,20/04/2021 10:46:00,47727,7,task-1v1k,,12031236,13993,3639286,,complete,,,computer,Desktop or Laptop,Windows 10,Firefox 88.0,2560x1440,2560x1440,Test finished,yellow.study__pics.word,4,Consent Given,Consented,Test finished,yellow,Yellow,,,yellow.order1,,,,,,yellow.order1__finished,,,,Distractor finished,,,,,,,,,,,,,yellow.study__pics.word,yellow.study__pics.word,22,13,2,study_stim,Zone1,response_button_image,895,,,photoplusword.png,1,1,0,0,,,,,2,yellow.study__pics.word,photoplusword.png,potato--photo-word.png
33,1618911962769,20/04/2021 09:46:02,1618911961520,1,20/04/2021 10:46:01,47727,7,task-1v1k,,12031236,13993,3639286,,complete,,,computer,Desktop or Laptop,Windows 10,Firefox 88.0,2560x1440,2560x1440,Test finished,yellow.study__pics.word,4,Consent Given,Consented,Test finished,yellow,Yellow,,,yellow.order1,,,,,,yellow.order1__finished,,,,Distractor finished,,,,,,,,,,,,,yellow.study__pics.word,yellow.study__pics.word,28,14,1,fixation,fixation,fixation,500,,,,,0,1,0,,,,,2,yellow.study__pics.word,photoplusword.png,needle--photo-word.png
34,1618911963785,20/04/2021 09:46:03,1618911962525,1,20/04/2021 10:46:02,47727,7,task-1v1k,,12031236,13993,3639286,,complete,,,computer,Desktop or Laptop,Windows 10,Firefox 88.0,2560x1440,2560x1440,Test finished,yellow.study__pics.word,4,Consent Given,Consented,Test finished,yellow,Yellow,,,yellow.order1,,,,,,yellow.order1__finished,,,,Distractor finished,,,,,,,,,,,,,yellow.study__pics.word,yellow.study__pics.word,28,14,2,study_stim,Zone1,response_button_image,996,,,photoplusword.png,1,1,0,0,,,,,2,yellow.study__pics.word,photoplusword.png,needle--photo-word.png
35,1618911964722,20/04/2021 09:46:04,1618911963460,1,20/04/2021 10:46:03,47727,7,task-1v1k,,12031236,13993,3639286,,complete,,,computer,Desktop or Laptop,Windows 10,Firefox 88.0,2560x1440,2560x1440,Test finished,yellow.study__pics.word,4,Consent Given,Consented,Test finished,yellow,Yellow,,,yellow.order1,,,,,,yellow.order1__finished,,,,Distractor finished,,,,,,,,,,,,,yellow.study__pics.word,yellow.study__pics.word,31,15,1,fixation,fixation,fixation,501.91999999999825,,,,,0,1,0,,,,,2,yellow.study__pics.word,photoplusword.png,drum--photo-word.png
36,1618911965823,20/04/2021 09:46:05,1618911964523,1,20/04/2021 10:46:04,47727,7,task-1v1k,,12031236,13993,3639286,,complete,,,computer,Desktop or Laptop,Windows 10,Firefox 88.0,2560x1440,2560x1440,Test finished,yellow.study__pics.word,4,Consent Given,Consented,Test finished,yellow,Yellow,,,yellow.order1,,,,,,yellow.order1__finished,,,,Distractor finished,,,,,,,,,,,,,yellow.study__pics.word,yellow.study__pics.word,31,15,2,study_stim,Zone1,response_button_image,1054,,,photoplusword.png,1,1,0,0,,,,,2,yellow.study__pics.word,photoplusword.png,drum--photo-word.png
37,1618911966714,20/04/2021 09:46:06,1618911965455,1,20/04/2021 10:46:05,47727,7,task-1v1k,,12031236,13993,3639286,,complete,,,computer,Desktop or Laptop,Windows 10,Firefox 88.0,2560x1440,2560x1440,Test finished,yellow.study__pics.word,4,Consent Given,Consented,Test finished,yellow,Yellow,,,yellow.order1,,,,,,yellow.order1__finished,,,,Distractor finished,,,,,,,,,,,,,yellow.study__pics.word,yellow.study__pics.word,8,16,1,fixation,fixation,fixation,500.0200000000041,,,,,0,1,0,,,,,2,yellow.study__pics.word,drawingplusword.png,anchor--drawing-word.png
38,1618911967710,20/04/2021 09:46:07,1618911966390,1,20/04/2021 10:46:06,47727,7,task-1v1k,,12031236,13993,3639286,,complete,,,computer,Desktop or Laptop,Windows 10,Firefox 88.0,2560x1440,2560x1440,Test finished,yellow.study__pics.word,4,Consent Given,Consented,Test finished,yellow,Yellow,,,yellow.order1,,,,,,yellow.order1__finished,,,,Distractor finished,,,,,,,,,,,,,yellow.study__pics.word,yellow.study__pics.word,8,16,2,study_stim,Zone2,response_button_image,927,,,drawingplusword.png,1,1,0,0,,,,,2,yellow.study__pics.word,drawingplusword.png,anchor--drawing-word.png
39,1618911968563,20/04/2021 09:46:08,1618911967319,1,20/04/2021 10:46:07,47727,7,task-1v1k,,12031236,13993,3639286,,complete,,,computer,Desktop or Laptop,Windows 10,Firefox 88.0,2560x1440,2560x1440,Test finished,yellow.study__pics.word,4,Consent Given,Consented,Test finished,yellow,Yellow,,,yellow.order1,,,,,,yellow.order1__finished,,,,Distractor finished,,,,,,,,,,,,,yellow.study__pics.word,yellow.study__pics.word,17,17,1,fixation,fixation,fixation,500,,,,,0,1,0,,,,,2,yellow.study__pics.word,drawingplusword.png,button--drawing-word.png
40,1618911969616,20/04/2021 09:46:09,1618911968294,1,20/04/2021 10:46:08,47727,7,task-1v1k,,12031236,13993,3639286,,complete,,,computer,Desktop or Laptop,Windows 10,Firefox 88.0,2560x1440,2560x1440,Test finished,yellow.study__pics.word,4,Consent Given,Consented,Test finished,yellow,Yellow,,,yellow.order1,,,,,,yellow.order1__finished,,,,Distractor finished,,,,,,,,,,,,,yellow.study__pics.word,yellow.study__pics.word,17,17,2,study_stim,Zone2,response_button_image,965,,,drawingplusword.png,1,1,0,0,,,,,2,yellow.study__pics.word,drawingplusword.png,button--drawing-word.png
41,1618911970477,20/04/2021 09:46:10,1618911969224,1,20/04/2021 10:46:09,47727,7,task-1v1k,,12031236,13993,3639286,,complete,,,computer,Desktop or Laptop,Windows 10,Firefox 88.0,2560x1440,2560x1440,Test finished,yellow.study__pics.word,4,Consent Given,Consented,Test finished,yellow,Yellow,,,yellow.order1,,,,,,yellow.order1__finished,,,,Distractor finished,,,,,,,,,,,,,yellow.study__pics.word,yellow.study__pics.word,21,18,1,fixation,fixation,fixation,500,,,,,0,1,0,,,,,2,yellow.study__pics.word,photoplusword.png,pear--photo-word.png
42,1618911971492,20/04/2021 09:46:11,1618911970221,1,20/04/2021 10:46:10,47727,7,task-1v1k,,12031236,13993,3639286,,complete,,,computer,Desktop or Laptop,Windows 10,Firefox 88.0,2560x1440,2560x1440,Test finished,yellow.study__pics.word,4,Consent Given,Consented,Test finished,yellow,Yellow,,,yellow.order1,,,,,,yellow.order1__finished,,,,Distractor finished,,,,,,,,,,,,,yellow.study__pics.word,yellow.study__pics.word,21,18,2,study_stim,Zone1,response_button_image,987,,,photoplusword.png,1,1,0,0,,,,,2,yellow.study__pics.word,photoplusword.png,pear--photo-word.png
43,1618911972416,20/04/2021 09:46:12,1618911971157,1,20/04/2021 10:46:11,47727,7,task-1v1k,,12031236,13993,3639286,,complete,,,computer,Desktop or Laptop,Windows 10,Firefox 88.0,2560x1440,2560x1440,Test finished,yellow.study__pics.word,4,Consent Given,Consented,Test finished,yellow,Yellow,,,yellow.order1,,,,,,yellow.order1__finished,,,,Distractor finished,,,,,,,,,,,,,yellow.study__pics.word,yellow.study__pics.word,10,19,1,fixation,fixation,fixation,501.8999999999942,,,,,0,1,0,,,,,2,yellow.study__pics.word,drawingplusword.png,cloud--drawing-word.png
44,1618911973494,20/04/2021 09:46:13,1618911972174,1,20/04/2021 10:46:12,47727,7,task-1v1k,,12031236,13993,3639286,,complete,,,computer,Desktop or Laptop,Windows 10,Firefox 88.0,2560x1440,2560x1440,Test finished,yellow.study__pics.word,4,Consent Given,Consented,Test finished,yellow,Yellow,,,yellow.order1,,,,,,yellow.order1__finished,,,,Distractor finished,,,,,,,,,,,,,yellow.study__pics.word,yellow.study__pics.word,10,19,2,study_stim,Zone2,response_button_image,1005,,,drawingplusword.png,1,1,0,0,,,,,2,yellow.study__pics.word,drawingplusword.png,cloud--drawing-word.png
45,1618911974367,20/04/2021 09:46:14,1618911973104,1,20/04/2021 10:46:13,47727,7,task-1v1k,,12031236,13993,3639286,,complete,,,computer,Desktop or Laptop,Windows 10,Firefox 88.0,2560x1440,2560x1440,Test finished,yellow.study__pics.word,4,Consent Given,Consented,Test finished,yellow,Yellow,,,yellow.order1,,,,,,yellow.order1__finished,,,,Distractor finished,,,,,,,,,,,,,yellow.study__pics.word,yellow.study__pics.word,25,20,1,fixation,fixation,fixation,500,,,,,0,1,0,,,,,2,yellow.study__pics.word,photoplusword.png,camel--photo-word.png
46,1618911975456,20/04/2021 09:46:15,1618911974200,1,20/04/2021 10:46:14,47727,7,task-1v1k,,12031236,13993,3639286,,complete,,,computer,Desktop or Laptop,Windows 10,Firefox 88.0,2560x1440,2560x1440,Test finished,yellow.study__pics.word,4,Consent Given,Consented,Test finished,yellow,Yellow,,,yellow.order1,,,,,,yellow.order1__finished,,,,Distractor finished,,,,,,,,,,,,,yellow.study__pics.word,yellow.study__pics.word,25,20,2,study_stim,Zone1,response_button_image,1085,,,photoplusword.png,1,1,0,0,,,,,2,yellow.study__pics.word,photoplusword.png,camel--photo-word.png
47,1618911976394,20/04/2021 09:46:16,1618911975135,1,20/04/2021 10:46:15,47727,7,task-1v1k,,12031236,13993,3639286,,complete,,,computer,Desktop or Laptop,Windows 10,Firefox 88.0,2560x1440,2560x1440,Test finished,yellow.study__pics.word,4,Consent Given,Consented,Test finished,yellow,Yellow,,,yellow.order1,,,,,,yellow.order1__finished,,,,Distractor finished,,,,,,,,,,,,,yellow.study__pics.word,yellow.study__pics.word,9,21,1,fixation,fixation,fixation,500,,,,,0,1,0,,,,,2,yellow.study__pics.word,drawingplusword.png,boot--drawing-word.png
48,1618911977534,20/04/2021 09:46:17,1618911976279,1,20/04/2021 10:46:16,47727,7,task-1v1k,,12031236,13993,3639286,,complete,,,computer,Desktop or Laptop,Windows 10,Firefox 88.0,2560x1440,2560x1440,Test finished,yellow.study__pics.word,4,Consent Given,Consented,Test finished,yellow,Yellow,,,yellow.order1,,,,,,yellow.order1__finished,,,,Distractor finished,,,,,,,,,,,,,yellow.study__pics.word,yellow.study__pics.word,9,21,2,study_stim,Zone2,response_button_image,1136,,,drawingplusword.png,1,1,0,0,,,,,2,yellow.study__pics.word,drawingplusword.png,boot--drawing-word.png
49,1618911978464,20/04/2021 09:46:18,1618911977214,1,20/04/2021 10:46:17,47727,7,task-1v1k,,12031236,13993,3639286,,complete,,,computer,Desktop or Laptop,Windows 10,Firefox 88.0,2560x1440,2560x1440,Test finished,yellow.study__pics.word,4,Consent Given,Consented,Test finished,yellow,Yellow,,,yellow.order1,,,,,,yellow.order1__finished,,,,Distractor finished,,,,,,,,,,,,,yellow.study__pics.word,yellow.study__pics.word,15,22,1,fixation,fixation,fixation,500,,,,,0,1,0,,,,,2,yellow.study__pics.word,drawingplusword.png,nail--drawing-word.png
50,1618911979566,20/04/2021 09:46:19,1618911978313,1,20/04/2021 10:46:18,47727,7,task-1v1k,,12031236,13993,3639286,,complete,,,computer,Desktop or Laptop,Windows 10,Firefox 88.0,2560x1440,2560x1440,Test finished,yellow.study__pics.word,4,Consent Given,Consented,Test finished,yellow,Yellow,,,yellow.order1,,,,,,yellow.order1__finished,,,,Distractor finished,,,,,,,,,,,,,yellow.study__pics.word,yellow.study__pics.word,15,22,2,study_stim,Zone2,response_button_image,1088,,,drawingplusword.png,1,1,0,0,,,,,2,yellow.study__pics.word,drawingplusword.png,nail--drawing-word.png
51,1618911980496,20/04/2021 09:46:20,1618911979244,1,20/04/2021 10:46:19,47727,7,task-1v1k,,12031236,13993,3639286,,complete,,,computer,Desktop or Laptop,Windows 10,Firefox 88.0,2560x1440,2560x1440,Test finished,yellow.study__pics.word,4,Consent Given,Consented,Test finished,yellow,Yellow,,,yellow.order1,,,,,,yellow.order1__finished,,,,Distractor finished,,,,,,,,,,,,,yellow.study__pics.word,yellow.study__pics.word,6,23,1,fixation,fixation,fixation,500,,,,,0,1,0,,,,,2,yellow.study__pics.word,drawingplusword.png,hammer--drawing-word.png
52,1618911982376,20/04/2021 09:46:22,1618911981133,1,20/04/2021 10:46:21,47727,7,task-1v1k,,12031236,13993,3639286,,complete,,,computer,Desktop or Laptop,Windows 10,Firefox 88.0,2560x1440,2560x1440,Test finished,yellow.study__pics.word,4,Consent Given,Consented,Test finished,yellow,Yellow,,,yellow.order1,,,,,,yellow.order1__finished,,,,Distractor finished,,,,,,,,,,,,,yellow.study__pics.word,yellow.study__pics.word,6,23,2,study_stim,Zone2,response_button_image,1878,,,drawingplusword.png,1,1,0,0,,,,,2,yellow.study__pics.word,drawingplusword.png,hammer--drawing-word.png
53,1618911983329,20/04/2021 09:46:23,1618911982068,1,20/04/2021 10:46:22,47727,7,task-1v1k,,12031236,13993,3639286,,complete,,,computer,Desktop or Laptop,Windows 10,Firefox 88.0,2560x1440,2560x1440,Test finished,yellow.study__pics.word,4,Consent Given,Consented,Test finished,yellow,Yellow,,,yellow.order1,,,,,,yellow.order1__finished,,,,Distractor finished,,,,,,,,,,,,,yellow.study__pics.word,yellow.study__pics.word,29,24,1,fixation,fixation,fixation,500.0199999999968,,,,,0,1,0,,,,,2,yellow.study__pics.word,photoplusword.png,iron--photo-word.png
54,1618911984282,20/04/2021 09:46:24,1618911983031,1,20/04/2021 10:46:23,47727,7,task-1v1k,,12031236,13993,3639286,,complete,,,computer,Desktop or Laptop,Windows 10,Firefox 88.0,2560x1440,2560x1440,Test finished,yellow.study__pics.word,4,Consent Given,Consented,Test finished,yellow,Yellow,,,yellow.order1,,,,,,yellow.order1__finished,,,,Distractor finished,,,,,,,,,,,,,yellow.study__pics.word,yellow.study__pics.word,29,24,2,study_stim,Zone1,response_button_image,951,,,photoplusword.png,1,1,0,0,,,,,2,yellow.study__pics.word,photoplusword.png,iron--photo-word.png
55,1618911985214,20/04/2021 09:46:25,1618911983966,1,20/04/2021 10:46:23,47727,7,task-1v1k,,12031236,13993,3639286,,complete,,,computer,Desktop or Laptop,Windows 10,Firefox 88.0,2560x1440,2560x1440,Test finished,yellow.study__pics.word,4,Consent Given,Consented,Test finished,yellow,Yellow,,,yellow.order1,,,,,,yellow.order1__finished,,,,Distractor finished,,,,,,,,,,,,,yellow.study__pics.word,yellow.study__pics.word,18,25,1,fixation,fixation,fixation,500,,,,,0,1,0,,,,,2,yellow.study__pics.word,drawingplusword.png,comb--drawing-word.png
56,1618911986923,20/04/2021 09:46:26,1618911985664,1,20/04/2021 10:46:25,47727,7,task-1v1k,,12031236,13993,3639286,,complete,,,computer,Desktop or Laptop,Windows 10,Firefox 88.0,2560x1440,2560x1440,Test finished,yellow.study__pics.word,4,Consent Given,Consented,Test finished,yellow,Yellow,,,yellow.order1,,,,,,yellow.order1__finished,,,,Distractor finished,,,,,,,,,,,,,yellow.study__pics.word,yellow.study__pics.word,18,25,2,study_stim,Zone2,response_button_image,1690,,,drawingplusword.png,1,1,0,0,,,,,2,yellow.study__pics.word,drawingplusword.png,comb--drawing-word.png
57,1618911987848,20/04/2021 09:46:27,1618911986594,1,20/04/2021 10:46:26,47727,7,task-1v1k,,12031236,13993,3639286,,complete,,,computer,Desktop or Laptop,Windows 10,Firefox 88.0,2560x1440,2560x1440,Test finished,yellow.study__pics.word,4,Consent Given,Consented,Test finished,yellow,Yellow,,,yellow.order1,,,,,,yellow.order1__finished,,,,Distractor finished,,,,,,,,,,,,,yellow.study__pics.word,yellow.study__pics.word,11,26,1,fixation,fixation,fixation,501.9400000000023,,,,,0,1,0,,,,,2,yellow.study__pics.word,drawingplusword.png,donkey--drawing-word.png
58,1618911988897,20/04/2021 09:46:28,1618911987579,1,20/04/2021 10:46:27,47727,7,task-1v1k,,12031236,13993,3639286,,complete,,,computer,Desktop or Laptop,Windows 10,Firefox 88.0,2560x1440,2560x1440,Test finished,yellow.study__pics.word,4,Consent Given,Consented,Test finished,yellow,Yellow,,,yellow.order1,,,,,,yellow.order1__finished,,,,Distractor finished,,,,,,,,,,,,,yellow.study__pics.word,yellow.study__pics.word,11,26,2,study_stim,Zone2,response_button_image,974,,,drawingplusword.png,1,1,0,0,,,,,2,yellow.study__pics.word,drawingplusword.png,donkey--drawing-word.png
59,1618911989757,20/04/2021 09:46:29,1618911988506,1,20/04/2021 10:46:28,47727,7,task-1v1k,,12031236,13993,3639286,,complete,,,computer,Desktop or Laptop,Windows 10,Firefox 88.0,2560x1440,2560x1440,Test finished,yellow.study__pics.word,4,Consent Given,Consented,Test finished,yellow,Yellow,,,yellow.order1,,,,,,yellow.order1__finished,,,,Distractor finished,,,,,,,,,,,,,yellow.study__pics.word,yellow.study__pics.word,5,27,1,fixation,fixation,fixation,500,,,,,0,1,0,,,,,2,yellow.study__pics.word,drawingplusword.png,doll--drawing-word.png
60,1618911990817,20/04/2021 09:46:30,1618911989567,1,20/04/2021 10:46:29,47727,7,task-1v1k,,12031236,13993,3639286,,complete,,,computer,Desktop or Laptop,Windows 10,Firefox 88.0,2560x1440,2560x1440,Test finished,yellow.study__pics.word,4,Consent Given,Consented,Test finished,yellow,Yellow,,,yellow.order1,,,,,,yellow.order1__finished,,,,Distractor finished,,,,,,,,,,,,,yellow.study__pics.word,yellow.study__pics.word,5,27,2,study_stim,Zone2,response_button_image,1050,,,drawingplusword.png,1,1,0,0,,,,,2,yellow.study__pics.word,drawingplusword.png,doll--drawing-word.png
61,1618911991755,20/04/2021 09:46:31,1618911990502,1,20/04/2021 10:46:30,47727,7,task-1v1k,,12031236,13993,3639286,,complete,,,computer,Desktop or Laptop,Windows 10,Firefox 88.0,2560x1440,2560x1440,Test finished,yellow.study__pics.word,4,Consent Given,Consented,Test finished,yellow,Yellow,,,yellow.order1,,,,,,yellow.order1__finished,,,,Distractor finished,,,,,,,,,,,,,yellow.study__pics.word,yellow.study__pics.word,30,28,1,fixation,fixation,fixation,500.0199999999968,,,,,0,1,0,,,,,2,yellow.study__pics.word,photoplusword.png,goat--photo-word.png
62,1618911992818,20/04/2021 09:46:32,1618911991574,1,20/04/2021 10:46:31,47727,7,task-1v1k,,12031236,13993,3639286,,complete,,,computer,Desktop or Laptop,Windows 10,Firefox 88.0,2560x1440,2560x1440,Test finished,yellow.study__pics.word,4,Consent Given,Consented,Test finished,yellow,Yellow,,,yellow.order1,,,,,,yellow.order1__finished,,,,Distractor finished,,,,,,,,,,,,,yellow.study__pics.word,yellow.study__pics.word,30,28,2,study_stim,Zone1,response_button_image,1061,,,photoplusword.png,1,1,0,0,,,,,2,yellow.study__pics.word,photoplusword.png,goat--photo-word.png
63,1618911993770,20/04/2021 09:46:33,1618911992505,1,20/04/2021 10:46:32,47727,7,task-1v1k,,12031236,13993,3639286,,complete,,,computer,Desktop or Laptop,Windows 10,Firefox 88.0,2560x1440,2560x1440,Test finished,yellow.study__pics.word,4,Consent Given,Consented,Test finished,yellow,Yellow,,,yellow.order1,,,,,,yellow.order1__finished,,,,Distractor finished,,,,,,,,,,,,,yellow.study__pics.word,yellow.study__pics.word,13,29,1,fixation,fixation,fixation,500,,,,,0,1,0,,,,,2,yellow.study__pics.word,drawingplusword.png,basket--drawing-word.png
64,1618911994661,20/04/2021 09:46:34,1618911993401,1,20/04/2021 10:46:33,47727,7,task-1v1k,,12031236,13993,3639286,,complete,,,computer,Desktop or Laptop,Windows 10,Firefox 88.0,2560x1440,2560x1440,Test finished,yellow.study__pics.word,4,Consent Given,Consented,Test finished,yellow,Yellow,,,yellow.order1,,,,,,yellow.order1__finished,,,,Distractor finished,,,,,,,,,,,,,yellow.study__pics.word,yellow.study__pics.word,13,29,2,study_stim,Zone2,response_button_image,876,,,drawingplusword.png,1,1,0,0,,,,,2,yellow.study__pics.word,drawingplusword.png,basket--drawing-word.png
65,1618911995586,20/04/2021 09:46:35,1618911994333,1,20/04/2021 10:46:34,47727,7,task-1v1k,,12031236,13993,3639286,,complete,,,computer,Desktop or Laptop,Windows 10,Firefox 88.0,2560x1440,2560x1440,Test finished,yellow.study__pics.word,4,Consent Given,Consented,Test finished,yellow,Yellow,,,yellow.order1,,,,,,yellow.order1__finished,,,,Distractor finished,,,,,,,,,,,,,yellow.study__pics.word,yellow.study__pics.word,4,30,1,fixation,fixation,fixation,500,,,,,0,1,0,,,,,2,yellow.study__pics.word,drawingplusword.png,violin--drawing-word.png
66,1618911996601,20/04/2021 09:46:36,1618911995351,1,20/04/2021 10:46:35,47727,7,task-1v1k,,12031236,13993,3639286,,complete,,,computer,Desktop or Laptop,Windows 10,Firefox 88.0,2560x1440,2560x1440,Test finished,yellow.study__pics.word,4,Consent Given,Consented,Test finished,yellow,Yellow,,,yellow.order1,,,,,,yellow.order1__finished,,,,Distractor finished,,,,,,,,,,,,,yellow.study__pics.word,yellow.study__pics.word,4,30,2,study_stim,Zone2,response_button_image,1005,,,drawingplusword.png,1,1,0,0,,,,,2,yellow.study__pics.word,drawingplusword.png,violin--drawing-word.png
67,1618911997522,20/04/2021 09:46:37,1618911996281,1,20/04/2021 10:46:36,47727,7,task-1v1k,,12031236,13993,3639286,,complete,,,computer,Desktop or Laptop,Windows 10,Firefox 88.0,2560x1440,2560x1440,Test finished,yellow.study__pics.word,4,Consent Given,Consented,Test finished,yellow,Yellow,,,yellow.order1,,,,,,yellow.order1__finished,,,,Distractor finished,,,,,,,,,,,,,yellow.study__pics.word,yellow.study__pics.word,26,31,1,fixation,fixation,fixation,501.9400000000023,,,,,0,1,0,,,,,2,yellow.study__pics.word,photoplusword.png,ladder--photo-word.png
68,1618911998616,20/04/2021 09:46:38,1618911997287,1,20/04/2021 10:46:37,47727,7,task-1v1k,,12031236,13993,3639286,,complete,,,computer,Desktop or Laptop,Windows 10,Firefox 88.0,2560x1440,2560x1440,Test finished,yellow.study__pics.word,4,Consent Given,Consented,Test finished,yellow,Yellow,,,yellow.order1,,,,,,yellow.order1__finished,,,,Distractor finished,,,,,,,,,,,,,yellow.study__pics.word,yellow.study__pics.word,26,31,2,study_stim,Zone1,response_button_image,996,,,photoplusword.png,1,1,0,0,,,,,2,yellow.study__pics.word,photoplusword.png,ladder--photo-word.png
69,1618911999476,20/04/2021 09:46:39,1618911998221,1,20/04/2021 10:46:38,47727,7,task-1v1k,,12031236,13993,3639286,,complete,,,computer,Desktop or Laptop,Windows 10,Firefox 88.0,2560x1440,2560x1440,Test finished,yellow.study__pics.word,4,Consent Given,Consented,Test finished,yellow,Yellow,,,yellow.order1,,,,,,yellow.order1__finished,,,,Distractor finished,,,,,,,,,,,,,yellow.study__pics.word,yellow.study__pics.word,19,32,1,fixation,fixation,fixation,500,,,,,0,1,0,,,,,2,yellow.study__pics.word,drawingplusword.png,peacock--drawing-word.png
70,1618912000558,20/04/2021 09:46:40,1618911999252,1,20/04/2021 10:46:39,47727,7,task-1v1k,,12031236,13993,3639286,,complete,,,computer,Desktop or Laptop,Windows 10,Firefox 88.0,2560x1440,2560x1440,Test finished,yellow.study__pics.word,4,Consent Given,Consented,Test finished,yellow,Yellow,,,yellow.order1,,,,,,yellow.order1__finished,,,,Distractor finished,,,,,,,,,,,,,yellow.study__pics.word,yellow.study__pics.word,19,32,2,study_stim,Zone2,response_button_image,1021,,,drawingplusword.png,1,1,0,0,,,,,2,yellow.study__pics.word,drawingplusword.png,peacock--drawing-word.png
71,1618912001388,20/04/2021 09:46:41,1618912000126,1,20/04/2021 10:46:40,47727,7,task-1v1k,,12031236,13993,3639286,,complete,,,computer,Desktop or Laptop,Windows 10,Firefox 88.0,2560x1440,2560x1440,Test finished,yellow.study__pics.word,4,Consent Given,Consented,Test finished,yellow,Yellow,,,yellow.order1,,,,,,yellow.order1__finished,,,,Distractor finished,,,,,,,,,,,,,yellow.study__pics.word,yellow.study__pics.word,36,1,1,filler_end_fixation,fixation,fixation,444.4400000000023,,,,,0,1,0,,,,,3,yellow.study__pics.word__filler.end,drawingplusword.png,helicopter--drawing-word.png
72,1618912002254,20/04/2021 09:46:42,1618912001011,1,20/04/2021 10:46:41,47727,7,task-1v1k,,12031236,13993,3639286,,complete,,,computer,Desktop or Laptop,Windows 10,Firefox 88.0,2560x1440,2560x1440,Test finished,yellow.study__pics.word,4,Consent Given,Consented,Test finished,yellow,Yellow,,,yellow.order1,,,,,,yellow.order1__finished,,,,Distractor finished,,,,,,,,,,,,,yellow.study__pics.word,yellow.study__pics.word,36,1,2,filler_end_stim,Zone2,response_button_image,875,,,drawingplusword.png,1,1,0,0,,,,,3,yellow.study__pics.word__filler.end,drawingplusword.png,helicopter--drawing-word.png
73,1618912003133,20/04/2021 09:46:43,1618912001886,1,20/04/2021 10:46:41,47727,7,task-1v1k,,12031236,13993,3639286,,complete,,,computer,Desktop or Laptop,Windows 10,Firefox 88.0,2560x1440,2560x1440,Test finished,yellow.study__pics.word,4,Consent Given,Consented,Test finished,yellow,Yellow,,,yellow.order1,,,,,,yellow.order1__finished,,,,Distractor finished,,,,,,,,,,,,,yellow.study__pics.word,yellow.study__pics.word,37,2,1,filler_end_fixation,fixation,fixation,446.40000000000873,,,,,0,1,0,,,,,3,yellow.study__pics.word__filler.end,photoplusword.png,turtle--photo-word.png
74,1618912006589,20/04/2021 09:46:46,1618912005323,1,20/04/2021 10:46:45,47727,7,task-1v1k,,12031236,13993,3639286,,complete,,,computer,Desktop or Laptop,Windows 10,Firefox 88.0,2560x1440,2560x1440,Test finished,yellow.study__pics.word,4,Consent Given,Consented,Test finished,yellow,Yellow,,,yellow.order1,,,,,,yellow.order1__finished,,,,Distractor finished,,,,,,,,,,,,,yellow.study__pics.word,yellow.study__pics.word,37,2,2,filler_end_stim,Zone1,response_button_image,3429,,,photoplusword.png,1,1,0,0,,,,,3,yellow.study__pics.word__filler.end,photoplusword.png,turtle--photo-word.png
75,1618912007012,20/04/2021 09:46:47,1618912005763,1,20/04/2021 10:46:45,47727,7,task-1v1k,,12031236,13993,3639286,,complete,,,computer,Desktop or Laptop,Windows 10,Firefox 88.0,2560x1440,2560x1440,Test finished,yellow.study__pics.word,4,Consent Given,Consented,Test finished,yellow,Yellow,,,yellow.order1,,,,,,yellow.order1__finished,,,,Distractor finished,,,,,,,,,,,,,yellow.study__pics.word,,,END TASK,,,,,75570,,,,,0,1,0,,,,,,,,
END OF FILE
